	graphie	lemme	infover	genre	nombre	occurrences	rangFWV	case
149	revoir	revoir				60918.0	150.0	
218	plaît	plaire				42211.0	219.0	
1440	monte	monte	imp:pre:2s;ind:pre:1s;ind:pre:3s;sub:pre:3s;	f	s	4365.0	1441.0	
1446	faîtes	faîte	imp:pre:2p;ind:pre:2p;par:pas;	m	p	4347.0	1446.5	
2070	partons	parton	imp:pre:1p;ind:pre:1p;	m	p	2779.0	2070.5	
2690	préférerais	préférer				1943.0	2691.0	
3917	porter	porter		m	s	1135.0	3917.0	
4506	entraîner	entraîner				927.0	4506.0	
4949	tueraient	tuer				809.0	4949.0	
5099	débarrasser	débarrasser				773.0	5101.5	
5193	reconnaître	reconnaître				751.0	5193.5	
5634	va	aller				655.0	5634.5	
5751	ri	rire		m	s	637.0	5754.0	
5899	coûte	coûter				613.0	5903.0	
6326	apparaît	apparaître				547.0	6330.0	
6443	kiffe	kiffer				532.0	6448.5	
6519	casa	caser		f	s	522.0	6520.5	
6684	disant	dire		m	s	501.0	6684.5	
6711	allie	allier				498.0	6712.0	
7472	grimes	grimer		m	p	420.0	7472.0	
7671	dis	dire				403.0	7673.0	
7796	regarde	regarder				393.0	7795.0	
7927	crane	craner		m	s	382.0	7927.0	
8292	terra	terrer		f	s	355.0	8290.0	
8845	geindre	geindre		m	s	319.0	8846.0	
9406	arrête	arrêter				287.0	9398.5	
9439	paniqué	paniquer		m	s	285.0	9437.0	
10489	avançons	avancer		m	p	238.0	10491.5	
10572	exile	exiler				235.0	10564.5	
11257	usa	user				210.0	11270.0	
11873	attendant	attendre		m	s	191.0	11857.0	
12242	flippé	flipper		m	s	180.0	12240.0	
12616	kiffes	kiffer				171.0	12623.5	
12953	pond	pondre				163.0	12966.5	
13260	grimes	grimer				157.0	13239.0	
13459	fais	faire				152.0	13485.0	
13646	river	river				149.0	13638.5	
13657	paniquée	paniquer		f	s	149.0	13638.5	
13684	monte	monte	imp:pre:2s;ind:pre:1s;ind:pre:3s;sub:pre:3s;			148.0	13682.5	
13838	kiffer	kiffer				145.0	13816.0	
14154	marquez	marquer				139.0	14151.0	
14175	oseraient	oser				139.0	14151.0	
14187	allons	aller				138.0	14202.5	
14676	devine	deviner				130.0	14673.0	
14738	met	mettre				129.0	14734.5	
14833	rendez	rendre				127.0	14851.0	
14933	avéré	avérer		m	s	125.0	14955.0	
14943	lace	lacer				125.0	14955.0	
14972	unit	unir				125.0	14955.0	
15352	éclosent	éclore				119.0	15353.0	
15369	accélérant	accélérer		m	s	119.0	15353.0	
16527	aime	aimer				103.0	16528.5	
16995	appelle	appeler				98.0	16964.5	
17216	tais	taire				95.0	17241.5	
17522	bouboule	boubouler				92.0	17547.0	
17644	mette	mettre				91.0	17639.0	
17779	donnez	donner				90.0	17735.0	
17931	laissez	laisser				88.0	17948.5	
18097	moisie	moisir		f	s	87.0	18048.5	
18181	veux	vouloir				86.0	18152.0	
18354	lancerons	lancer		m	p	84.0	18371.0	
18469	rider	rider				83.0	18484.5	
18513	chu	choir				83.0	18484.5	
18545	survenant	survenir		m	s	82.0	18592.5	
18550	bitter	bitter		m	s	82.0	18592.5	
18655	japonnais	japonner				81.0	18700.5	
18780	viens	venir				80.0	18807.0	
18798	computer	computer		m	s	80.0	18807.0	
18844	accroupi	accroupir		m	s	80.0	18807.0	
18859	bridger	bridger				79.0	18915.0	
19038	doubler	doubler		m	s	78.0	19028.5	
19051	mange	manger				78.0	19028.5	
19536	force	forcer	imp:pre:3		s	74.0	19553.5	pI3S
19566	kiffent	kiffer				74.0	19553.5	
20113	jase	jaser				70.0	20102.0	
20244	prends	prendre				69.0	20259.5	
20441	rejoignez	rejoindre				68.0	20418.5	
20912	paniqués	paniquer		m	p	65.0	20895.0	
20945	imagine	imaginer				65.0	20895.0	
21092	parle	parler				64.0	21072.0	
21144	have	haver				64.0	21072.0	
21148	viola	violer				64.0	21072.0	
21340	peux	pouvoir				62.0	21404.5	
21765	baisser	baisser		m	s	60.0	21734.0	
21794	contra	contrer		m	s	60.0	21734.0	
21858	dois	devoir				59.0	21902.5	
21949	sis	seoir		m		59.0	21902.5	
21954	venez	venir				59.0	21902.5	
21981	regardez	regarder				59.0	21902.5	
22460	chante	chanter				56.0	22437.5	
22639	contras	contrer		m	p	55.0	22638.5	
22826	officia	officier				54.0	22838.0	
23155	skies	skier				52.0	23232.5	
23236	excusez	excuser				52.0	23232.5	
23412	raye	rayer				51.0	23432.5	
23639	mita	miter		f	s	50.0	23643.0	
23714	jardine	jardiner				50.0	23643.0	
24078	trouve	trouver				48.0	24084.0	
24338	dégage	dégager				47.0	24323.5	
24369	titra	titrer				47.0	24323.5	
24375	indispose	indisposer		f	s	47.0	24323.5	
24496	attends	attendre				46.0	24557.0	
24519	pense	penser				46.0	24557.0	
24584	rebondi	rebondir		m	s	46.0	24557.0	
24752	mesurons	mesurer		m	p	45.0	24794.0	
25185	palmer	palmer		m	s	44.0	25055.5	
25880	tenez	tenir				41.0	25895.0	
26103	emmène	emmener				40.0	26194.5	
26278	crois	croire				40.0	26194.5	
26353	appelez	appeler				39.0	26498.0	
26582	vas	aller				39.0	26498.0	
26687	aimes	aimer				38.0	26801.0	
26783	essaie	essayer				38.0	26801.0	
26971	suivez	suivre				37.0	27121.5	
27036	avérés	avérer		m	p	37.0	27121.5	
27252	prenez	prendre				37.0	27121.5	
27268	pardonne	pardonner				37.0	27121.5	
27634	avérée	avérer		f	s	36.0	27472.0	
27804	sentant	sentir		m	s	35.0	27829.5	
27824	pourrais	pouvoir				35.0	27829.5	
27827	sautons	sauter		m	p	35.0	27829.5	
28048	reverse	reverser				34.0	28198.5	
28198	souviens	souvenir				34.0	28198.5	
28431	peut	pouvoir				33.0	28579.0	
28452	parlez	parler				33.0	28579.0	
28502	blottis	blottir		m	p	33.0	28579.0	
28567	mettez	mettre				33.0	28579.0	
28951	fit	faire				32.0	28964.5	
29118	veut	vouloir				32.0	28964.5	
29216	sortez	sortir				31.0	29365.0	
29249	roulons	rouler		m	p	31.0	29365.0	
29397	accroupis	accroupir		m	p	31.0	29365.0	
29532	rappelle	rappeler				31.0	29365.0	
29629	suce	sucer				30.0	29771.0	
29706	rebondis	rebondir		m	p	30.0	29771.0	
29748	volette	voleter		f	s	30.0	29771.0	
29758	ramène	ramener				30.0	29771.0	
29858	menez	mener				30.0	29771.0	
30015	borde	border		f	s	29.0	30188.0	
30033	kiffais	kiffer				29.0	30188.0	
30039	voila	voiler				29.0	30188.0	
30312	réveille	réveiller				29.0	30188.0	
30604	domine	dominer				28.0	30632.0	
30670	arrêtez	arrêter				28.0	30632.0	
30800	terra	terrer				28.0	30632.0	
30807	accroupie	accroupir		f	s	28.0	30632.0	
30854	lover	lover				28.0	30632.0	
30866	tut	taire				27.0	31106.5	
30937	écoutez	écouter				27.0	31106.5	
31072	repointe	repointer		f	s	27.0	31106.5	
31261	ri	rire				27.0	31106.5	
31358	essaye	essayer				26.0	31599.0	
31378	rentre	rentrer				26.0	31599.0	
31610	schlingue	schlinguer				26.0	31599.0	
31624	grimper	grimper		m	s	26.0	31599.0	
31785	regardes	regarder				26.0	31599.0	
31864	reviens	revenir				25.0	32122.0	
31870	mit	mettre				25.0	32122.0	
32161	tale	taler				25.0	32122.0	
32172	cranes	craner				25.0	32122.0	
32326	coud	coudre				25.0	32122.0	
32339	pouffe	pouffer				25.0	32122.0	
32805	rote	roter		f	s	24.0	32700.5	
32866	restez	rester				24.0	32700.5	
32969	renaude	renauder				24.0	32700.5	
33035	pinta	pinter		f	s	23.0	33304.0	
33147	pensez	penser				23.0	33304.0	
33167	croyez	croire				23.0	33304.0	
33211	rends	rendre				23.0	33304.0	
33281	gerber	gerber				23.0	33304.0	
33362	calmez	calmer				23.0	33304.0	
33449	clive	cliver				23.0	33304.0	
33490	fonce	foncer				23.0	33304.0	
33526	aidez	aider				23.0	33304.0	
33608	buvant	boire		m	s	22.0	33903.0	
33622	penses	penser				22.0	33903.0	
33700	suit	suivre				22.0	33903.0	
33742	sait	savoir				22.0	33903.0	
33812	attendez	attendre				22.0	33903.0	
33813	croque	croquer				22.0	33903.0	
34153	chie	chier				22.0	33903.0	
34370	commence	commencer				21.0	34547.5	
34401	kiffait	kiffer				21.0	34547.5	
34431	soupire	soupirer				21.0	34547.5	
34439	barra	barrer				21.0	34547.5	
34441	sonne	sonner				21.0	34547.5	
34453	jouasse	jouer			s	21.0	34547.5	
34695	arrive	arriver				21.0	34547.5	
34818	voyez	voir				21.0	34547.5	
34827	trouvez	trouver				21.0	34547.5	
35150	répare	réparer				20.0	35254.5	
35275	sauvez	sauver				20.0	35254.5	
35289	externaliser	externaliser				20.0	35254.5	
35557	lisant	lire		m	s	20.0	35254.5	
35614	jure	jurer				20.0	35254.5	
35695	délia	délier				19.0	35999.0	
35840	rebondies	rebondir		f	p	19.0	35999.0	
35886	font	faire				19.0	35999.0	
35964	priez	prier				19.0	35999.0	
35984	kiffant	kiffer				19.0	35999.0	
36016	promets	promettre				19.0	35999.0	
36019	reniflant	renifler		m	s	19.0	35999.0	
36060	respire	respirer				19.0	35999.0	
36218	vérifie	vérifier				19.0	35999.0	
36523	honore	honorer				18.0	36804.0	
36744	avérées	avérer		f	p	18.0	36804.0	
36819	rimant	rimer		m	s	18.0	36804.0	
36878	vomissant	vomir		m	s	18.0	36804.0	
36955	envoie	envoyer				18.0	36804.0	
36962	amuse	amuser				18.0	36804.0	
36993	moisies	moisir		f	p	18.0	36804.0	
37061	doivent	devoir				18.0	36804.0	
37092	demandez	demander				18.0	36804.0	
37107	préparez	préparer				18.0	36804.0	
37128	piper	piper				18.0	36804.0	
37407	poque	poquer		f	s	17.0	37680.5	
37504	coupez	couper				17.0	37680.5	
37570	allier	allier		m	s	17.0	37680.5	
37580	occupe	occuper				17.0	37680.5	
37848	amusez	amuser				17.0	37680.5	
37849	envoyez	envoyer				17.0	37680.5	
38056	rappelez	rappeler				17.0	37680.5	
38330	travaillant	travailler		m	s	16.0	38622.5	
38452	luise	luire				16.0	38622.5	
38482	attire	attirer				16.0	38622.5	
38900	pue	puer				16.0	38622.5	
38968	dort	dormir				16.0	38622.5	
39086	brille	briller				16.0	38622.5	
39102	brime	brimer				16.0	38622.5	
39124	importe	importer				15.0	39641.0	
39134	taillons	tailler		m	p	15.0	39641.0	
39141	entrez	entrer				15.0	39641.0	
39147	assure	assurer				15.0	39641.0	
39167	assurez	assurer				15.0	39641.0	
39200	vont	aller				15.0	39641.0	
39263	apporte	apporter				15.0	39641.0	
39405	vienne	venir				15.0	39641.0	
39467	toues	touer		f	p	15.0	39641.0	
39602	cryogéniser	cryogéniser				15.0	39641.0	
39690	emmenez	emmener				15.0	39641.0	
39800	kifferais	kiffer				15.0	39641.0	
39987	nia	nier				15.0	39641.0	
40103	refroidissant	refroidir		m	s	15.0	39641.0	
40173	éclate	éclater				14.0	40737.5	
40232	péchons	pécher		m	p	14.0	40737.5	
40345	sautant	sauter		m	s	14.0	40737.5	
40378	répète	répéter				14.0	40737.5	
40389	sis	seoir		m	s	14.0	40737.5	
40399	mettons	mettre				14.0	40737.5	
40493	layer	layer				14.0	40737.5	
40500	levez	lever				14.0	40737.5	
40522	souhaite	souhaiter				14.0	40737.5	
40585	kiffez	kiffer				14.0	40737.5	
40613	ravageant	ravager		m	s	14.0	40737.5	
40616	tuez	tuer				14.0	40737.5	
40668	viennent	venir				14.0	40737.5	
40669	vient	venir				14.0	40737.5	
40685	gardez	garder				14.0	40737.5	
40808	passez	passer				14.0	40737.5	
40823	présentent	présenter				14.0	40737.5	
40834	pardonnez	pardonner				14.0	40737.5	
40949	brûle	brûler				14.0	40737.5	
41005	blastes	blaster		m	p	14.0	40737.5	
41132	badger	badger				14.0	40737.5	
41204	détendez	détendre				14.0	40737.5	
41367	prépare	préparer				13.0	41942.5	
41520	protège	protéger				13.0	41942.5	
41560	taisez	taire				13.0	41942.5	
41564	vallonné	vallonner		m	s	13.0	41942.5	
41603	disent	dire				13.0	41942.5	
41667	tapi	tapir		m	s	13.0	41942.5	
41675	tapa	taper		m	s	13.0	41942.5	
41687	parles	parler				13.0	41942.5	
41739	utilise	utiliser				13.0	41942.5	
41800	arrêtes	arrêter				13.0	41942.5	
41833	oriente	orienter				13.0	41942.5	
41891	souvenez	souvenir				13.0	41942.5	
41897	apportez	apporter				13.0	41942.5	
41947	butter	butter				13.0	41942.5	
42166	bourdonnais	bourdonner				13.0	41942.5	
42229	répondez	répondre				13.0	41942.5	
42429	montrez	montrer				13.0	41942.5	
42586	toue	touer		f	s	12.0	43248.0	
42689	travaille	travailler				12.0	43248.0	
42844	ressemble	ressembler				12.0	43248.0	
42868	retrouve	retrouver				12.0	43248.0	
42906	réponds	répondre				12.0	43248.0	
43018	sauvons	sauver				12.0	43248.0	
43070	emporte	emporter				12.0	43248.0	
43160	goûterons	goûter		m	p	12.0	43248.0	
43222	déteste	détester				12.0	43248.0	
43283	faisons	faire				12.0	43248.0	
43369	permettez	permettre				12.0	43248.0	
43387	vivent	vivre				12.0	43248.0	
43563	parant	parer				12.0	43248.0	
43701	donnons	donner				12.0	43248.0	
43741	jouent	jouer				12.0	43248.0	
43772	impulse	impulser				12.0	43248.0	
43985	chantonnant	chantonner		m	s	11.0	44687.0	
44040	repointes	repointer		f	p	11.0	44687.0	
44127	clapper	clapper				11.0	44687.0	
44226	détends	détendre				11.0	44687.0	
44243	abuse	abuser				11.0	44687.0	
44250	efface	effacer				11.0	44687.0	
44259	fore	forer				11.0	44687.0	
44533	fermez	fermer				11.0	44687.0	
44553	maria	marier				11.0	44687.0	
44576	achetez	acheter				11.0	44687.0	
44702	caillera	cailler		f	s	11.0	44687.0	
44821	associes	associer				11.0	44687.0	
44889	palmas	palmer		f	p	11.0	44687.0	
44991	essayez	essayer				11.0	44687.0	
45080	arrache	arracher				11.0	44687.0	
45099	raconte	raconter				11.0	44687.0	
45123	tournez	tourner				11.0	44687.0	
45173	vantes	vanter				11.0	44687.0	
45209	attrapez	attraper				11.0	44687.0	
45213	voudrais	vouloir				11.0	44687.0	
45225	procrastiner	procrastiner				11.0	44687.0	
45341	crie	crier				11.0	44687.0	
45415	obtenez	obtenir				11.0	44687.0	
45418	pouvez	pouvoir				11.0	44687.0	
45616	corder	corder				10.0	46268.0	
45722	gère	gérer				10.0	46268.0	
45893	remets	remettre				10.0	46268.0	
45947	misa	miser				10.0	46268.0	
46013	nettoie	nettoyer				10.0	46268.0	
46134	nageant	nager		m	s	10.0	46268.0	
46180	revenez	revenir				10.0	46268.0	
46306	revînmes	revenir				10.0	46268.0	
46357	parlons	parler				10.0	46268.0	
46535	schtroumpfer	schtroumpfer				10.0	46268.0	
46598	semble	sembler				10.0	46268.0	
46667	accrochez	accrocher				10.0	46268.0	
46710	excitons	exciton	imp:pre:1p;ind:pre:1p;	m	p	10.0	46268.0	
46823	signifie	signifier				10.0	46268.0	
46827	bafouillant	bafouiller		m	s	10.0	46268.0	
46879	smasher	smasher				10.0	46268.0	
47036	salue	saluer				10.0	46268.0	
47175	terras	terrer		f	p	9.0	48032.5	
47236	amenez	amener				9.0	48032.5	
47322	vois	voir				9.0	48032.5	
47382	voulez	vouloir				9.0	48032.5	
47402	soulageant	soulager		m	s	9.0	48032.5	
47570	rapporte	rapporter				9.0	48032.5	
47677	dépêchez	dépêcher				9.0	48032.5	
47683	couvre	couvrir				9.0	48032.5	
47696	couinant	couiner		m	s	9.0	48032.5	
47907	cite	citer				9.0	48032.5	
48011	considère	considérer				9.0	48032.5	
48144	rebondie	rebondir		f	s	9.0	48032.5	
48335	fia	fier				9.0	48032.5	
48383	débouche	déboucher				9.0	48032.5	
48423	décroche	décrocher				9.0	48032.5	
48464	lâchez	lâcher				9.0	48032.5	
48677	ira	aller				9.0	48032.5	
48735	jappe	japper				9.0	48032.5	
48777	dura	durer				9.0	48032.5	
48792	dénonçons	dénoncer				9.0	48032.5	
48943	adore	adorer				9.0	48032.5	
49072	loves	lover				8.0	50104.0	
49130	profite	profiter				8.0	50104.0	
49132	habille	habiller				8.0	50104.0	
49141	profile	profiler				8.0	50104.0	
49268	contra	contrer				8.0	50104.0	
49341	libérez	libérer				8.0	50104.0	
49471	puisse	pouvoir				8.0	50104.0	
49481	arrange	arranger				8.0	50104.0	
49482	irisa	iriser				8.0	50104.0	
49539	devinez	deviner				8.0	50104.0	
49615	murai	murer				8.0	50104.0	
49664	pave	paver				8.0	50104.0	
49671	mène	mener				8.0	50104.0	
49676	patientez	patienter				8.0	50104.0	
49723	voletant	voleter		m	s	8.0	50104.0	
49746	osa	oser				8.0	50104.0	
49823	aimez	aimer				8.0	50104.0	
49941	crache	cracher				8.0	50104.0	
50001	plussoie	plussoyer				8.0	50104.0	
50049	poussez	pousser				8.0	50104.0	
50090	pourrait	pouvoir				8.0	50104.0	
50334	gis	gésir				8.0	50104.0	
50343	supplies	supplier				8.0	50104.0	
50406	souhaitez	souhaiter				8.0	50104.0	
50417	refuse	refuser				8.0	50104.0	
50421	colores	colorer				8.0	50104.0	
50471	attaquent	attaquer				8.0	50104.0	
50530	gagnez	gagner				8.0	50104.0	
50545	détoxifier	détoxifier				8.0	50104.0	
50583	cessez	cesser				8.0	50104.0	
50642	gavons	gaver		m	p	8.0	50104.0	
50696	bayes	bayer				8.0	50104.0	
50835	servez	servir				8.0	50104.0	
50844	sent	sentir				8.0	50104.0	
50894	ratatine	ratatiner				8.0	50104.0	
50946	computer	computer				8.0	50104.0	
51014	sache	savoir				8.0	50104.0	
51027	comprenez	comprendre				8.0	50104.0	
51086	rapproche	rapprocher				8.0	50104.0	
51108	reposez	reposer				8.0	50104.0	
51214	tapie	tapir		f	s	8.0	50104.0	
51260	valez	valoir				7.0	52499.0	
51267	vautré	vautrer		m	s	7.0	52499.0	
51279	basa	baser				7.0	52499.0	
51355	drapes	draper				7.0	52499.0	
51409	battis	battre				7.0	52499.0	
51638	rentrez	rentrer				7.0	52499.0	
51645	cherchez	chercher				7.0	52499.0	
51706	barrera	barrer				7.0	52499.0	
51723	votez	voter				7.0	52499.0	
51727	aggrave	aggraver		f	s	7.0	52499.0	
51749	veuillez	vouloir				7.0	52499.0	
51786	occupez	occuper				7.0	52499.0	
51825	accepte	accepter				7.0	52499.0	
51855	bossons	bosser		m	p	7.0	52499.0	
51955	buvez	boire				7.0	52499.0	
52306	siffle	siffler				7.0	52499.0	
52455	rode	roder				7.0	52499.0	
52508	marmonne	marmonner				7.0	52499.0	
52512	bénisse	bénir				7.0	52499.0	
52558	démarre	démarrer				7.0	52499.0	
52647	meurt	mourir				7.0	52499.0	
52727	démerde	démerder		f	s	7.0	52499.0	
52805	désole	désoler				7.0	52499.0	
52809	porta	porter				7.0	52499.0	
52834	poursuit	poursuivre				7.0	52499.0	
52850	halète	haleter				7.0	52499.0	
52871	externalise	externaliser				7.0	52499.0	
52910	pleure	pleurer				7.0	52499.0	
52925	explique	expliquer				7.0	52499.0	
52988	rejoins	rejoindre				7.0	52499.0	
53239	tournent	tourner				7.0	52499.0	
53319	prend	prendre				7.0	52499.0	
53369	recule	reculer				7.0	52499.0	
53484	tamise	tamiser		f	s	7.0	52499.0	
53637	va	aller		m	s	7.0	52499.0	
53680	goûte	goûter				7.0	52499.0	
53807	attend	attendre				6.0	55370.5	
53856	mariner	mariner				6.0	55370.5	
53897	brait	braire				6.0	55370.5	
53967	présentez	présenter				6.0	55370.5	
53985	commencez	commencer				6.0	55370.5	
54012	éloigne	éloigner				6.0	55370.5	
54021	ramenez	ramener				6.0	55370.5	
54214	concentre	concentrer				6.0	55370.5	
54334	acceptez	accepter				6.0	55370.5	
54439	pète	péter				6.0	55370.5	
54577	tambourine	tambouriner				6.0	55370.5	
54593	sautez	sauter				6.0	55370.5	
54625	accrochant	accrocher		m	s	6.0	55370.5	
54675	comprimant	comprimer		m	s	6.0	55370.5	
54817	aida	aider				6.0	55370.5	
54917	chantons	chanter				6.0	55370.5	
54939	aiment	aimer				6.0	55370.5	
54941	chantent	chanter				6.0	55370.5	
54979	vise	viser				6.0	55370.5	
55018	occupons	occuper				6.0	55370.5	
55064	trisse	trisser				6.0	55370.5	
55078	cries	crier				6.0	55370.5	
55098	soulève	soulever				6.0	55370.5	
55116	volent	voler				6.0	55370.5	
55131	claudique	claudiquer				6.0	55370.5	
55138	clavardant	clavarder				6.0	55370.5	
55183	vapote	vapoter				6.0	55370.5	
55184	vapoter	vapoter				6.0	55370.5	
55258	renifle	renifler				6.0	55370.5	
55352	remercie	remercier				6.0	55370.5	
55483	allé	aller				6.0	55370.5	
55489	peuvent	pouvoir				6.0	55370.5	
55555	profites	profiter				6.0	55370.5	
55592	serrons	serrer				6.0	55370.5	
55719	cailleras	cailler		f	p	6.0	55370.5	
55773	ment	mentir				6.0	55370.5	
55804	minaudant	minauder		m	s	6.0	55370.5	
55879	mitas	miter		f	p	6.0	55370.5	
55918	posa	poser				6.0	55370.5	
55920	retombe	retomber		f	s	6.0	55370.5	
56083	écloront	éclore				6.0	55370.5	
56129	cantonnais	cantonner				6.0	55370.5	
56148	sise	seoir		f	s	6.0	55370.5	
56208	retrouvez	retrouver				6.0	55370.5	
56245	nagent	nager				6.0	55370.5	
56263	ignore	ignorer				6.0	55370.5	
56325	fonctionne	fonctionner				6.0	55370.5	
56340	fume	fumer				6.0	55370.5	
56476	démoniser	démoniser				6.0	55370.5	
56702	exhale	exhaler				6.0	55370.5	
56721	dépasse	dépasser				6.0	55370.5	
56764	glousse	glousser				6.0	55370.5	
56811	entendons	entendre				6.0	55370.5	
56847	entiché	enticher		m	s	6.0	55370.5	
57033	méfiez	méfier				5.0	58894.5	
57045	rotes	roter		f	p	5.0	58894.5	
57104	entends	entendre				5.0	58894.5	
57151	indique	indiquer				5.0	58894.5	
57198	accouche	accoucher				5.0	58894.5	
57243	nomme	nommer				5.0	58894.5	
57271	gara	garer				5.0	58894.5	
57309	mangez	manger				5.0	58894.5	
57366	claves	claver		m	p	5.0	58894.5	
57401	écosse	écosser				5.0	58894.5	
57510	gainer	gainer				5.0	58894.5	
57512	nieraient	nier				5.0	58894.5	
57534	empêche	empêcher				5.0	58894.5	
57540	reliant	relier				5.0	58894.5	
57629	éloignez	éloigner				5.0	58894.5	
57654	achève	achever				5.0	58894.5	
57676	surveille	surveiller				5.0	58894.5	
57747	déchire	déchirer				5.0	58894.5	
57758	maudissons	maudire			p	5.0	58894.5	
57838	catcher	catcher				5.0	58894.5	
57926	cherchent	chercher				5.0	58894.5	
57928	entichée	enticher		f	s	5.0	58894.5	
57939	déboussolant	déboussoler		m	s	5.0	58894.5	
58047	mottons	motter		m	p	5.0	58894.5	
58084	changez	changer				5.0	58894.5	
58091	reprenez	reprendre				5.0	58894.5	
58325	annule	annuler				5.0	58894.5	
58441	trotter	trotter				5.0	58894.5	
58510	devrait	devoir				5.0	58894.5	
58512	voient	voir				5.0	58894.5	
58539	devez	devoir				5.0	58894.5	
58541	deviennent	devenir				5.0	58894.5	
58574	descend	descendre				5.0	58894.5	
58586	penche	pencher				5.0	58894.5	
58623	conspirant	conspirer		m	s	5.0	58894.5	
58626	desserre	desserrer		f	s	5.0	58894.5	
58731	essayons	essayer				5.0	58894.5	
58735	crée	créer				5.0	58894.5	
58858	versa	verser				5.0	58894.5	
58865	tua	tuer				5.0	58894.5	
58969	prennent	prendre				5.0	58894.5	
58971	prenons	prendre				5.0	58894.5	
58980	allume	allumer				5.0	58894.5	
59123	tombent	tomber				5.0	58894.5	
59127	arrivez	arriver				5.0	58894.5	
59173	zombifier	zombifier				5.0	58894.5	
59253	dormez	dormir				5.0	58894.5	
59307	gargouillant	gargouiller		m	s	5.0	58894.5	
59345	tirez	tirer				5.0	58894.5	
59463	envoies	envoyer				5.0	58894.5	
59468	pare	parer				5.0	58894.5	
59477	envole	envoler				5.0	58894.5	
59521	rager	rager				5.0	58894.5	
59523	approchez	approcher				5.0	58894.5	
59539	quittent	quitter				5.0	58894.5	
59641	rasa	raser				5.0	58894.5	
59664	comprends	comprendre				5.0	58894.5	
59701	godons	goder		m	p	5.0	58894.5	
59775	paniquées	paniquer		f	p	5.0	58894.5	
59813	appuie	appuyer				5.0	58894.5	
59841	aboie	aboyer				5.0	58894.5	
59851	souhaites	souhaiter				5.0	58894.5	
59946	blotti	blottir		m	s	5.0	58894.5	
60020	stocker	stocker				5.0	58894.5	
60086	bourlingue	bourlinguer		f	s	5.0	58894.5	
60091	blinder	blinder				5.0	58894.5	
60111	jouasse	jouer		m	s	5.0	58894.5	
60205	jette	jeter				5.0	58894.5	
60228	étouffe	étouffer				5.0	58894.5	
60309	sirote	siroter				5.0	58894.5	
60312	bénissez	bénir				5.0	58894.5	
60429	savez	savoir				5.0	58894.5	
60497	fie	fier				5.0	58894.5	
60629	sommer	sommer				5.0	58894.5	
60662	abandonne	abandonner				5.0	58894.5	
60698	ferre	ferrer				5.0	58894.5	
60732	kiffaient	kiffer				5.0	58894.5	
60785	baptise	baptiser				5.0	58894.5	
60803	semblent	sembler				5.0	58894.5	
60864	laissons	laisser				4.0	63366.5	
60879	kifferait	kiffer				4.0	63366.5	
60881	kifferai	kiffer				4.0	63366.5	
60892	raina	rainer				4.0	63366.5	
60952	kiffera	kiffer				4.0	63366.5	
60962	rappelles	rappeler				4.0	63366.5	
61001	papote	papoter				4.0	63366.5	
61030	voyager	voyager				4.0	63366.5	
61041	toussant	tousser				4.0	63366.5	
61076	dégages	dégager				4.0	63366.5	
61077	tournons	tourner				4.0	63366.5	
61083	gondolé	gondoler		m	s	4.0	63366.5	
61089	oubliez	oublier				4.0	63366.5	
61130	rassemble	rassembler				4.0	63366.5	
61161	dégagez	dégager				4.0	63366.5	
61288	comptez	compter				4.0	63366.5	
61300	kifferaient	kiffer				4.0	63366.5	
61389	doublant	doubler		m	s	4.0	63366.5	
61459	lavez	laver				4.0	63366.5	
61646	flotterons	flotter		m	p	4.0	63366.5	
61658	redécouvrons	redécouvrir				4.0	63366.5	
61852	ferait	faire				4.0	63366.5	
61874	réveillez	réveiller				4.0	63366.5	
61881	réveilles	réveiller				4.0	63366.5	
61892	existe	exister				4.0	63366.5	
61897	arque	arquer				4.0	63366.5	
61917	tordons	tordre		m	p	4.0	63366.5	
61938	arrivent	arriver				4.0	63366.5	
62050	gigote	gigoter				4.0	63366.5	
62110	obéis	obéir				4.0	63366.5	
62123	expire	expirer				4.0	63366.5	
62134	occultant	occulter		m	s	4.0	63366.5	
62193	endors	endormir				4.0	63366.5	
62262	évite	éviter				4.0	63366.5	
62284	secoue	secouer				4.0	63366.5	
62419	trouves	trouver				4.0	63366.5	
62558	propose	proposer				4.0	63366.5	
62598	ôta	ôter				4.0	63366.5	
62626	ôte	ôter				4.0	63366.5	
62633	craner	craner				4.0	63366.5	
62646	ponds	pondre				4.0	63366.5	
62649	use	user				4.0	63366.5	
62662	portait	porter				4.0	63366.5	
62712	dépucèle	dépuceler				4.0	63366.5	
62718	vais	aller				4.0	63366.5	
62739	vallonnées	vallonner		f	p	4.0	63366.5	
62758	poins	poindre				4.0	63366.5	
62794	vaincra	vaincre				4.0	63366.5	
62840	déracinant	déraciner		m	s	4.0	63366.5	
62902	signez	signer				4.0	63366.5	
62940	enfile	enfiler				4.0	63366.5	
62968	posez	poser				4.0	63366.5	
62986	essayes	essayer				4.0	63366.5	
63005	vaut	valoir				4.0	63366.5	
63028	quarre	quarrer		f	s	4.0	63366.5	
63050	voit	voir				4.0	63366.5	
63057	travaillent	travailler				4.0	63366.5	
63080	ignorez	ignorer				4.0	63366.5	
63111	jouez	jouer				4.0	63366.5	
63190	passons	passer				4.0	63366.5	
63208	devrais	devoir				4.0	63366.5	
63238	saluons	saluer				4.0	63366.5	
63243	fis	faire				4.0	63366.5	
63276	conduisez	conduire				4.0	63366.5	
63326	dirige	diriger				4.0	63366.5	
63354	sacrifiant	sacrifier		m	s	4.0	63366.5	
63364	parlent	parler				4.0	63366.5	
63377	raccroche	raccrocher				4.0	63366.5	
63378	boudine	boudiner		f	s	4.0	63366.5	
63417	bougeant	bouger		m	s	4.0	63366.5	
63437	sombra	sombrer				4.0	63366.5	
63453	saigne	saigner				4.0	63366.5	
63474	bomber	bomber				4.0	63366.5	
63505	continuez	continuer				4.0	63366.5	
63519	pensent	penser				4.0	63366.5	
63522	pendit	pendre				4.0	63366.5	
63533	descends	descendre				4.0	63366.5	
63617	permets	permettre				4.0	63366.5	
63718	dessine	dessiner				4.0	63366.5	
63729	aident	aider				4.0	63366.5	
63740	put	pouvoir				4.0	63366.5	
63921	casais	caser				4.0	63366.5	
63931	émergeant	émerger		m	s	4.0	63366.5	
64038	retirez	retirer				4.0	63366.5	
64083	china	chiner				4.0	63366.5	
64180	réchauffe	réchauffer				4.0	63366.5	
64187	mâchonne	mâchonner				4.0	63366.5	
64222	marions	marier				4.0	63366.5	
64243	rivera	river				4.0	63366.5	
64280	déversant	déverser		m	s	4.0	63366.5	
64327	fourrez	fourrer				4.0	63366.5	
64423	tabasse	tabasser				4.0	63366.5	
64490	frappez	frapper				4.0	63366.5	
64513	injecte	injecter				4.0	63366.5	
64532	épousez	épouser				4.0	63366.5	
64588	renvoie	renvoyer				4.0	63366.5	
64629	soutenez	soutenir				4.0	63366.5	
64716	symbolisant	symboliser		m	s	4.0	63366.5	
64771	énamouré	énamourer		m	s	4.0	63366.5	
64793	fumes	fumer				4.0	63366.5	
64809	avancez	avancer				4.0	63366.5	
64820	énamourée	énamourer		f	s	4.0	63366.5	
64868	menons	mener		m	p	4.0	63366.5	
64938	infiltrant	infiltrer		m	s	4.0	63366.5	
65003	sèment	semer				4.0	63366.5	
65305	exprime	exprimer				4.0	63366.5	
65312	meurent	mourir				4.0	63366.5	
65524	accouchant	accoucher		m	s	4.0	63366.5	
65621	camera	camer				4.0	63366.5	
65743	écrase	écraser				4.0	63366.5	
65785	administrant	administrer		m	s	4.0	63366.5	
65831	admets	admettre				4.0	63366.5	
65863	mita	miter				4.0	63366.5	
65912	puent	puer				3.0	69510.5	
65914	savais	savoir				3.0	69510.5	
65960	faibli	faiblir				3.0	69510.5	
65962	faibli	faiblir		m	s	3.0	69510.5	
65978	savoure	savourer				3.0	69510.5	
65990	précipitant	précipiter		m	s	3.0	69510.5	
66108	préparons	préparer				3.0	69510.5	
66161	casa	caser				3.0	69510.5	
66220	examiner	examiner				3.0	69510.5	
66223	cassez	casser				3.0	69510.5	
66264	préviens	prévenir				3.0	69510.5	
66294	préférez	préférer				3.0	69510.5	
66325	restent	rester				3.0	69510.5	
66337	bordais	border				3.0	69510.5	
66363	exauce	exaucer				3.0	69510.5	
66427	grouille	grouiller				3.0	69510.5	
66552	sentez	sentir				3.0	69510.5	
66559	portez	porter				3.0	69510.5	
66571	unissent	unir				3.0	69510.5	
66575	possède	posséder				3.0	69510.5	
66620	sucerais	sucer				3.0	69510.5	
66628	pouvait	pouvoir				3.0	69510.5	
66657	farfouille	farfouiller				3.0	69510.5	
66699	téléphonez	téléphoner				3.0	69510.5	
66735	amortissant	amortir		m	s	3.0	69510.5	
66747	pourrit	pourrir				3.0	69510.5	
66829	sers	servir				3.0	69510.5	
66838	dévore	dévorer				3.0	69510.5	
66873	réagissant	réagir		m	s	3.0	69510.5	
66903	babille	babiller				3.0	69510.5	
66925	useraient	user				3.0	69510.5	
66975	réalise	réaliser				3.0	69510.5	
66982	réalisent	réaliser				3.0	69510.5	
66999	rueraient	ruer				3.0	69510.5	
67069	schtroumpfes	schtroumpfer				3.0	69510.5	
67094	avancent	avancer				3.0	69510.5	
67111	convenant	convenir		m	s	3.0	69510.5	
67146	simule	simuler				3.0	69510.5	
67183	sciant	scier		m	s	3.0	69510.5	
67248	protégez	protéger				3.0	69510.5	
67293	caquette	caqueter		f	s	3.0	69510.5	
67302	trouvons	trouver				3.0	69510.5	
67310	blotties	blottir		f	p	3.0	69510.5	
67327	caracolant	caracoler		m	s	3.0	69510.5	
67330	prosternez	prosterner				3.0	69510.5	
67380	blesse	blesser				3.0	69510.5	
67381	foutez	foutre				3.0	69510.5	
67436	fallait	falloir				3.0	69510.5	
67509	endosses	endosser		f	p	3.0	69510.5	
67527	stimule	stimuler				3.0	69510.5	
67577	faisaient	faire				3.0	69510.5	
67589	profiles	profiler				3.0	69510.5	
67609	rient	rire				3.0	69510.5	
67628	copulant	copuler				3.0	69510.5	
67634	copiez	copier				3.0	69510.5	
67686	remplace	remplacer				3.0	69510.5	
67692	commandent	commander				3.0	69510.5	
67739	chuchote	chuchoter				3.0	69510.5	
67745	recommence	recommencer				3.0	69510.5	
67751	arrangez	arranger				3.0	69510.5	
67763	effondre	effondrer				3.0	69510.5	
67792	tomba	tomber				3.0	69510.5	
67845	réjouissez	réjouir				3.0	69510.5	
67919	reconsidère	reconsidérer				3.0	69510.5	
67992	ferez	faire				3.0	69510.5	
68032	rendent	rendre				3.0	69510.5	
68072	exige	exiger				3.0	69510.5	
68180	choque	choquer				3.0	69510.5	
68266	extasie	extasier				3.0	69510.5	
68551	clavarder	clavarder				3.0	69510.5	
68596	brillent	briller				3.0	69510.5	
68624	explose	exploser				3.0	69510.5	
68637	résonne	résonner				3.0	69510.5	
68660	désire	désirer				3.0	69510.5	
68758	recrute	recruter				3.0	69510.5	
68830	coder	coder				3.0	69510.5	
68925	redis	redire				3.0	69510.5	
69028	reprends	reprendre				3.0	69510.5	
69076	transposons	transposon	imp:pre:1p;ind:pre:1p;	m	p	3.0	69510.5	
69215	bougez	bouger				3.0	69510.5	
69226	chantes	chanter				3.0	69510.5	
69250	conduisant	conduire				3.0	69510.5	
69278	rader	rader				3.0	69510.5	
69366	sapa	saper				3.0	69510.5	
69516	détoxifie	détoxifier				3.0	69510.5	
69631	rentres	rentrer				3.0	69510.5	
69636	bourlingues	bourlinguer		f	p	3.0	69510.5	
69649	sortent	sortir				3.0	69510.5	
69683	renter	renter				3.0	69510.5	
69706	sonnent	sonner				3.0	69510.5	
69870	tousse	tousser				3.0	69510.5	
70007	approuve	approuver				3.0	69510.5	
70098	déshabille	déshabiller				3.0	69510.5	
70186	réglez	régler				3.0	69510.5	
70214	chassez	chasser				3.0	69510.5	
70220	rampons	ramper		m	p	3.0	69510.5	
70228	rêvez	rêver				3.0	69510.5	
70262	devienne	devenir				3.0	69510.5	
70275	devines	deviner				3.0	69510.5	
70298	déconne	déconner				3.0	69510.5	
70310	inscrivez	inscrire				3.0	69510.5	
70327	marmonnant	marmonner				3.0	69510.5	
70341	déplacez	déplacer				3.0	69510.5	
70344	partez	partir				3.0	69510.5	
70385	marinez	mariner				3.0	69510.5	
70453	visser	visser				3.0	69510.5	
70470	insistent	insister				3.0	69510.5	
70552	diminue	diminuer				3.0	69510.5	
70585	démerdes	démerder		f	p	3.0	69510.5	
70626	imaginez	imaginer				3.0	69510.5	
70635	décide	décider				3.0	69510.5	
70670	illumine	illuminer				3.0	69510.5	
70701	partagez	partager				3.0	69510.5	
70734	parlait	parler				3.0	69510.5	
70759	envolez	envoler				3.0	69510.5	
70771	énamourés	énamourer		m	p	3.0	69510.5	
70880	viendra	venir				3.0	69510.5	
70952	éteignez	éteindre				3.0	69510.5	
70979	libère	libérer				3.0	69510.5	
71077	installez	installer				3.0	69510.5	
71094	pelant	peler				3.0	69510.5	
71102	découvre	découvrir				3.0	69510.5	
71140	maillant	mailler		m	s	3.0	69510.5	
71180	magnez	magner				3.0	69510.5	
71212	perd	perdre				3.0	69510.5	
71214	dansez	danser				3.0	69510.5	
71222	dansent	danser				3.0	69510.5	
71238	luis	luire				3.0	69510.5	
71269	love	lover				3.0	69510.5	
71287	aimait	aimer				3.0	69510.5	
71291	décroches	décrocher				3.0	69510.5	
71319	lutine	lutiner		f	s	3.0	69510.5	
71409	méfie	méfier				3.0	69510.5	
71449	débarquent	débarquer				3.0	69510.5	
71451	débarque	débarquer				3.0	69510.5	
71495	oit	ouïr				3.0	69510.5	
71712	advenues	advenir		f	p	3.0	69510.5	
71716	dors	dormir				3.0	69510.5	
71735	drape	draper				3.0	69510.5	
71852	donna	donner				3.0	69510.5	
71893	immobilisant	immobiliser		m	s	3.0	69510.5	
71970	vîntes	venir				3.0	69510.5	
72207	dissolve	dissoudre				3.0	69510.5	
72310	débrouillez	débrouiller				3.0	69510.5	
72321	montrons	montrer				3.0	69510.5	
72370	mords	mordre				3.0	69510.5	
72374	zoné	zoner		m	s	3.0	69510.5	
72426	mordillent	mordiller				3.0	69510.5	
72476	piller	piller				3.0	69510.5	
72572	lancez	lancer				3.0	69510.5	
72598	picote	picoter		f	s	3.0	69510.5	
72629	hisse	hisser				3.0	69510.5	
72714	cuise	cuire				3.0	69510.5	
72732	jettes	jeter				3.0	69510.5	
72740	délie	délier				3.0	69510.5	
72792	joignez	joindre				3.0	69510.5	
72804	hoquette	hoqueter				3.0	69510.5	
72944	venait	venir				3.0	69510.5	
72987	crucifie	crucifier				3.0	69510.5	
73031	crisse	crisser				3.0	69510.5	
73047	ôteraient	ôter				3.0	69510.5	
73054	espérons	espérer				3.0	69510.5	
73177	attendant	attendre				2.0	78773.0	
73210	swingue	swinguer				2.0	78773.0	
73211	attendent	attendre				2.0	78773.0	
73279	bondis	bondir				2.0	78773.0	
73360	montez	monter		m	s	2.0	78773.0	
73361	montez	monter				2.0	78773.0	
73409	montais	monter				2.0	78773.0	
73468	indisposes	indisposer		f	p	2.0	78773.0	
73520	fuma	fumer				2.0	78773.0	
73546	attaquez	attaquer				2.0	78773.0	
73560	externalisant	externaliser				2.0	78773.0	
73582	attachez	attacher				2.0	78773.0	
73587	isole	isoler				2.0	78773.0	
73593	externalisent	externaliser				2.0	78773.0	
73600	renoncez	renoncer				2.0	78773.0	
73748	chevauche	chevaucher				2.0	78773.0	
73758	cherchons	chercher				2.0	78773.0	
73767	savait	savoir				2.0	78773.0	
73791	acta	acter				2.0	78773.0	
73852	entraîne	entraîner				2.0	78773.0	
73877	élimine	éliminer				2.0	78773.0	
73886	respirez	respirer				2.0	78773.0	
73931	fabriquant	fabriquer				2.0	78773.0	
73985	surprenez	surprendre				2.0	78773.0	
73995	surprends	surprendre				2.0	78773.0	
74073	cava	caver				2.0	78773.0	
74075	advenue	advenir		f	s	2.0	78773.0	
74085	ressuscitant	ressusciter				2.0	78773.0	
74087	surinterprète	surinterpréter			s	2.0	78773.0	
74099	augmentent	augmenter				2.0	78773.0	
74130	douteriez	douter				2.0	78773.0	
74218	finisse	finir				2.0	78773.0	
74254	moira	moirer				2.0	78773.0	
74275	changent	changer				2.0	78773.0	
74294	nommez	nommer				2.0	78773.0	
74440	démonte	démonter				2.0	78773.0	
74521	détourne	détourner				2.0	78773.0	
74523	décampe	décamper				2.0	78773.0	
74532	jetez	jeter				2.0	78773.0	
74577	surveillez	surveiller				2.0	78773.0	
74580	représentent	représenter				2.0	78773.0	
74637	gagnent	gagner				2.0	78773.0	
74689	gagna	gagner				2.0	78773.0	
74730	déambulant	déambuler		m	s	2.0	78773.0	
74745	tapions	taper		m	p	2.0	78773.0	
74758	fiances	fiancer				2.0	78773.0	
74825	admettons	admettre				2.0	78773.0	
74874	fila	filer				2.0	78773.0	
74877	détache	détacher				2.0	78773.0	
74880	blesses	blesser				2.0	78773.0	
74885	débarrassez	débarrasser				2.0	78773.0	
74924	incruste	incruster				2.0	78773.0	
74955	blaste	blaster		m	s	2.0	78773.0	
75023	enregistrez	enregistrer				2.0	78773.0	
75036	abatte	abattre				2.0	78773.0	
75038	incline	incliner				2.0	78773.0	
75064	clarifiant	clarifier		m	s	2.0	78773.0	
75066	cliquez	cliquer				2.0	78773.0	
75126	intéresse	intéresser				2.0	78773.0	
75134	duper	duper				2.0	78773.0	
75164	tardons	tarder		m	p	2.0	78773.0	
75262	mêle	mêler				2.0	78773.0	
75373	sifflent	siffler				2.0	78773.0	
75450	rencontrent	rencontrer				2.0	78773.0	
75455	extasiant	extasier		m	s	2.0	78773.0	
75460	choisissez	choisir				2.0	78773.0	
75473	débloque	débloquer				2.0	78773.0	
75493	schtroumpfe	schtroumpfer				2.0	78773.0	
75494	schtroumpfant	schtroumpfer				2.0	78773.0	
75530	schtroumpfez	schtroumpfer				2.0	78773.0	
75558	mute	muter				2.0	78773.0	
75631	scandant	scander				2.0	78773.0	
75646	serrez	serrer				2.0	78773.0	
75665	séduis	séduire				2.0	78773.0	
75706	rend	rendre				2.0	78773.0	
75707	filmes	filmer				2.0	78773.0	
75710	rencontrez	rencontrer				2.0	78773.0	
75715	embrassez	embrasser				2.0	78773.0	
75769	filmez	filmer				2.0	78773.0	
75777	dégringole	dégringoler				2.0	78773.0	
75782	enregistre	enregistrer				2.0	78773.0	
75822	remettez	remettre				2.0	78773.0	
75826	remettons	remettre				2.0	78773.0	
75954	chûtes	choir				2.0	78773.0	
75976	assures	assurer				2.0	78773.0	
75978	adapte	adapter				2.0	78773.0	
76021	simulant	simuler				2.0	78773.0	
76037	remplissez	remplir				2.0	78773.0	
76044	remplit	remplir				2.0	78773.0	
76112	remodèle	remodeler				2.0	78773.0	
76122	remontons	remonter				2.0	78773.0	
76128	écloraient	éclore				2.0	78773.0	
76173	soufflent	souffler				2.0	78773.0	
76181	récupérez	récupérer				2.0	78773.0	
76242	accompagne	accompagner				2.0	78773.0	
76280	accordant	accorder		m	s	2.0	78773.0	
76299	légitimant	légitimer		m	s	2.0	78773.0	
76360	lancent	lancer				2.0	78773.0	
76417	souffre	souffrir				2.0	78773.0	
76439	enseignez	enseigner				2.0	78773.0	
76444	baisent	baiser				2.0	78773.0	
76461	baisant	baiser				2.0	78773.0	
76481	faudra	falloir				2.0	78773.0	
76605	inspire	inspirer				2.0	78773.0	
76612	réalisez	réaliser				2.0	78773.0	
76619	réalisant	réaliser		m	s	2.0	78773.0	
76691	réanalyse	réanalyser		f	s	2.0	78773.0	
76711	babillant	babiller		m	s	2.0	78773.0	
76776	réagis	réagir				2.0	78773.0	
76886	entend	entendre				2.0	78773.0	
76951	entendez	entendre				2.0	78773.0	
76968	barrez	barrer				2.0	78773.0	
76992	installe	installer				2.0	78773.0	
77016	baisons	baiser				2.0	78773.0	
77039	répandent	répandre				2.0	78773.0	
77093	brisez	briser				2.0	78773.0	
77222	réjouissons	réjouir				2.0	78773.0	
77296	levons	lever				2.0	78773.0	
77303	défie	défier				2.0	78773.0	
77386	intercepte	intercepter				2.0	78773.0	
77408	lieraient	lier				2.0	78773.0	
77539	fonctionnent	fonctionner				2.0	78773.0	
77546	embarquez	embarquer				2.0	78773.0	
77577	butez	buter				2.0	78773.0	
77610	régalons	régaler				2.0	78773.0	
77673	acceptes	accepter				2.0	78773.0	
77722	résonnent	résonner				2.0	78773.0	
77843	balaye	balayer				2.0	78773.0	
77923	revenons	revenir				2.0	78773.0	
78026	suppose	supposer				2.0	78773.0	
78057	frappera	frapper		m	s	2.0	78773.0	
78068	déclare	déclarer				2.0	78773.0	
78115	flaire	flairer				2.0	78773.0	
78190	reviendra	revenir				2.0	78773.0	
78209	supplie	supplier				2.0	78773.0	
78254	sachez	savoir				2.0	78773.0	
78275	fraiser	fraiser				2.0	78773.0	
78282	déglingue	déglinguer		f	s	2.0	78773.0	
78326	mettent	mettre				2.0	78773.0	
78349	freine	freiner				2.0	78773.0	
78360	jouasses	jouer			p	2.0	78773.0	
78390	resté	rester				2.0	78773.0	
78402	soigne	soigner				2.0	78773.0	
78450	accélère	accélérer				2.0	78773.0	
78471	catches	catcher				2.0	78773.0	
78482	meurs	mourir				2.0	78773.0	
78486	meure	mourir				2.0	78773.0	
78492	restons	rester				2.0	78773.0	
78512	menons	mener				2.0	78773.0	
78595	déchut	déchoir				2.0	78773.0	
78615	fredonne	fredonner				2.0	78773.0	
78649	déchaîne	déchaîner				2.0	78773.0	
78666	inhalant	inhaler		m	s	2.0	78773.0	
78683	retire	retirer				2.0	78773.0	
78728	manquent	manquer				2.0	78773.0	
78736	calment	calmer				2.0	78773.0	
78805	avouez	avouer				2.0	78773.0	
78814	roser	roser				2.0	78773.0	
78913	avoue	avouer				2.0	78773.0	
78954	dévoilant	dévoiler		m	s	2.0	78773.0	
78974	mandez	mander				2.0	78773.0	
78986	règnent	régner				2.0	78773.0	
78997	sortons	sortir				2.0	78773.0	
79004	mangent	manger				2.0	78773.0	
79107	enterre	enterrer				2.0	78773.0	
79189	suffoquant	suffoquer				2.0	78773.0	
79228	justifie	justifier				2.0	78773.0	
79254	ricanes	ricaner				2.0	78773.0	
79294	faisant	faire				2.0	78773.0	
79357	bourdais	bourder				2.0	78773.0	
79409	épargnez	épargner				2.0	78773.0	
79561	venons	venir				2.0	78773.0	
79566	devient	devenir				2.0	78773.0	
79581	disparaît	disparaître				2.0	78773.0	
79592	deviens	devenir				2.0	78773.0	
79598	complu	complaire		m	s	2.0	78773.0	
79627	hua	huer				2.0	78773.0	
79674	disloquant	disloquer		m	s	2.0	78773.0	
79705	précharge	précharger		f	s	2.0	78773.0	
79729	gondolés	gondoler		m	p	2.0	78773.0	
79738	hait	haïr				2.0	78773.0	
79752	grime	grimer		m	s	2.0	78773.0	
79802	devenu	devenir				2.0	78773.0	
79815	devenez	devenir				2.0	78773.0	
79834	vînmes	venir				2.0	78773.0	
79854	pressez	presser				2.0	78773.0	
79862	complique	compliquer				2.0	78773.0	
79863	rassemblez	rassembler				2.0	78773.0	
79866	esclaffe	esclaffer				2.0	78773.0	
79932	exhalant	exhaler		m	s	2.0	78773.0	
79945	engagez	engager				2.0	78773.0	
79965	comptait	compter				2.0	78773.0	
79981	agrippe	agripper				2.0	78773.0	
79982	appuyez	appuyer				2.0	78773.0	
79990	célébrez	célébrer				2.0	78773.0	
80002	engage	engager				2.0	78773.0	
80004	pagent	pager				2.0	78773.0	
80014	procrastiné	procrastiner		m	s	2.0	78773.0	
80016	procrastinent	procrastiner				2.0	78773.0	
80018	procrastinais	procrastiner				2.0	78773.0	
80028	rangez	ranger				2.0	78773.0	
80040	ranime	ranimer				2.0	78773.0	
80049	vérifiez	vérifier				2.0	78773.0	
80078	prive	priver				2.0	78773.0	
80107	prit	prendre				2.0	78773.0	
80151	correspond	correspondre				2.0	78773.0	
80189	composez	composer				2.0	78773.0	
80191	traduis	traduire				2.0	78773.0	
80235	connectez	connecter				2.0	78773.0	
80246	touchent	toucher				2.0	78773.0	
80282	gloussent	glousser				2.0	78773.0	
80286	pèse	peser				2.0	78773.0	
80311	touchez	toucher				2.0	78773.0	
80312	compares	comparer				2.0	78773.0	
80343	pètes	péter				2.0	78773.0	
80358	organise	organiser				2.0	78773.0	
80362	poussent	pousser				2.0	78773.0	
80429	hantant	hanter				2.0	78773.0	
80457	poursuis	poursuivre				2.0	78773.0	
80491	vivait	vivre				2.0	78773.0	
80556	argente	argenter				2.0	78773.0	
80561	osez	oser				2.0	78773.0	
80615	osent	oser				2.0	78773.0	
80620	devait	devoir				2.0	78773.0	
80635	piochons	piocher		m	p	2.0	78773.0	
80687	pressa	presser				2.0	78773.0	
80713	pouvons	pouvoir				2.0	78773.0	
80720	connecte	connecter				2.0	78773.0	
80765	ravale	ravaler				2.0	78773.0	
80840	connaît	connaître				2.0	78773.0	
80851	rattrape	rattraper				2.0	78773.0	
80886	paraît	paraître				2.0	78773.0	
80919	dépensez	dépenser				2.0	78773.0	
80950	exclame	exclamer				2.0	78773.0	
81005	apprends	apprendre				2.0	78773.0	
81036	transpose	transposer				2.0	78773.0	
81101	transformez	transformer				2.0	78773.0	
81105	voulons	vouloir				2.0	78773.0	
81143	grattez	gratter				2.0	78773.0	
81181	promenons	promener				2.0	78773.0	
81205	gémissent	gémir				2.0	78773.0	
81243	converge	converger				2.0	78773.0	
81319	persévère	persévérer				2.0	78773.0	
81334	raccroches	raccrocher				2.0	78773.0	
81348	confirme	confirmer				2.0	78773.0	
81362	hurle	hurler				2.0	78773.0	
81404	pardonnes	pardonner				2.0	78773.0	
81464	raclons	racler		m	p	2.0	78773.0	
81468	raclant	racler		m	s	2.0	78773.0	
81485	confessez	confesser				2.0	78773.0	
81500	racontes	raconter				2.0	78773.0	
81504	racontez	raconter				2.0	78773.0	
81552	habillez	habiller				2.0	78773.0	
81562	participons	participer				2.0	78773.0	
81573	prouve	prouver				2.0	78773.0	
81634	exerce	exercer				2.0	78773.0	
81667	quarre	quarrer				2.0	78773.0	
81678	pana	paner				2.0	78773.0	
81691	prouvent	prouver				2.0	78773.0	
81753	rancie	rancir		f	s	2.0	78773.0	
81820	appartient	appartenir				2.0	78773.0	
81834	prouvez	prouver				2.0	78773.0	
81838	habite	habiter				2.0	78773.0	
81839	concentrons	concentrer				2.0	78773.0	
81845	gracie	gracier				2.0	78773.0	
81900	voyageant	voyager				2.0	78773.0	
81914	envoyons	envoyer				2.0	78773.0	
81956	transforme	transformer				2.0	78773.0	
82036	alla	aller				2.0	78773.0	
82044	profitez	profiter				2.0	78773.0	
82068	allait	aller				2.0	78773.0	
82114	piaillant	piailler		m	s	2.0	78773.0	
82147	profitons	profiter				2.0	78773.0	
82184	appellent	appeler				2.0	78773.0	
82188	hante	hanter				2.0	78773.0	
82200	espère	espérer				2.0	78773.0	
82213	aimons	aimer				2.0	78773.0	
82228	percent	percer				2.0	78773.0	
82238	collectionne	collectionner				2.0	78773.0	
82254	visez	viser				2.0	78773.0	
82282	utilisez	utiliser				2.0	78773.0	
82339	contient	contenir				2.0	78773.0	
82361	oblige	obliger				2.0	78773.0	
82382	dénonce	dénoncer				2.0	78773.0	
82464	aimerait	aimer				2.0	78773.0	
82504	anéantissant	anéantir		m	s	2.0	78773.0	
82591	germant	germer		m	s	2.0	78773.0	
82613	pua	puer				2.0	78773.0	
82707	échangent	échanger				2.0	78773.0	
82748	articule	articuler				2.0	78773.0	
82775	crains	craindre				2.0	78773.0	
82816	tisse	tisser				2.0	78773.0	
82852	expliquez	expliquer				2.0	78773.0	
82877	contamine	contaminer				2.0	78773.0	
82881	enferme	enfermer				2.0	78773.0	
82922	échoient	échoir				2.0	78773.0	
82940	terrifie	terrifier				2.0	78773.0	
82948	consulta	consulter				2.0	78773.0	
82983	codirigeant	codiriger		m	s	2.0	78773.0	
82999	pleurniche	pleurnicher				2.0	78773.0	
83008	pendez	pendre				2.0	78773.0	
83018	pleurnichant	pleurnicher				2.0	78773.0	
83022	descendez	descendre				2.0	78773.0	
83037	termine	terminer				2.0	78773.0	
83054	contacte	contacter				2.0	78773.0	
83069	criez	crier				2.0	78773.0	
83079	descendit	descendre				2.0	78773.0	
83080	pleurent	pleurer				2.0	78773.0	
83113	ploie	ployer				2.0	78773.0	
83121	vallonnée	vallonner		f	s	2.0	78773.0	
83123	doublez	doubler				2.0	78773.0	
83126	vallonnés	vallonner		m	p	2.0	78773.0	
83127	terminez	terminer				2.0	78773.0	
83157	enfermez	enfermer				2.0	78773.0	
83158	donnent	donner				2.0	78773.0	
83189	gava	gaver				2.0	78773.0	
83196	reculez	reculer				2.0	78773.0	
83198	demandent	demander				2.0	78773.0	
83211	demandons	demander				2.0	78773.0	
83217	désirez	désirer				2.0	78773.0	
83245	havez	haver				2.0	78773.0	
83250	donnera	donner				2.0	78773.0	
83252	planta	planter				2.0	78773.0	
83288	prévenir	prévenir		m	s	2.0	78773.0	
83294	désirerait	désirer				2.0	78773.0	
83298	reculant	reculer		m	s	2.0	78773.0	
83354	terrorise	terroriser				2.0	78773.0	
83370	dorment	dormir				2.0	78773.0	
83380	dorme	dormir				2.0	78773.0	
83391	construisez	construire				2.0	78773.0	
83577	trempez	tremper				2.0	78773.0	
83591	perds	perdre				2.0	78773.0	
83602	punissez	punir				2.0	78773.0	
83651	dansons	danser				2.0	78773.0	
83668	dépêchons	dépêcher				2.0	78773.0	
83719	perdez	perdre				2.0	78773.0	
83765	recherchant	rechercher				2.0	78773.0	
83781	offusquant	offusquer		m	s	2.0	78773.0	
83795	implore	implorer				2.0	78773.0	
83805	créez	créer				2.0	78773.0	
83820	opprime	opprimer				2.0	78773.0	
83930	veillez	veiller				2.0	78773.0	
83994	vautrée	vautrer		f	s	2.0	78773.0	
84000	existent	exister				2.0	78773.0	
84089	poulines	pouliner		f	p	2.0	78773.0	
84115	cryogénise	cryogéniser				2.0	78773.0	
84130	cryogénisant	cryogéniser				2.0	78773.0	
84141	considérez	considérer				2.0	78773.0	
84143	écarte	écarter				2.0	78773.0	
84169	payent	payer				2.0	78773.0	
84173	usai	user				2.0	78773.0	
84220	portent	porter				2.0	78773.0	
84275	payez	payer				2.0	78773.0	
84364	hâtez	hâter				2.0	78773.0	
84365	couvrez	couvrir				2.0	78773.0	
84369	couvres	couvrir				2.0	78773.0	
84429	tripote	tripoter				2.0	78773.0	
84437	accompagnez	accompagner				1.0	96697.5	
84451	ajoutez	ajouter				1.0	96697.5	
84452	soutient	soutenir				1.0	96697.5	
84456	trompez	tromper				1.0	96697.5	
84527	viendraient	venir				1.0	96697.5	
84573	aimaient	aimer				1.0	96697.5	
84601	stabilise	stabiliser				1.0	96697.5	
84667	exalte	exalter				1.0	96697.5	
84675	balayant	balayer				1.0	96697.5	
84681	viendras	venir				1.0	96697.5	
84690	souvenons	souvenir				1.0	96697.5	
84694	empale	empaler				1.0	96697.5	
84708	trouviez	trouver				1.0	96697.5	
84748	balayant	balayer		m	s	1.0	96697.5	
84795	fausseraient	fausser				1.0	96697.5	
84806	aimerais	aimer				1.0	96697.5	
84811	viner	viner				1.0	96697.5	
84837	empare	emparer				1.0	96697.5	
84842	annulez	annuler				1.0	96697.5	
84848	entament	entamer				1.0	96697.5	
84955	baisait	baiser				1.0	96697.5	
85007	baissez	baisser				1.0	96697.5	
85025	trouvera	trouver				1.0	96697.5	
85068	balaie	balayer				1.0	96697.5	
85101	videz	vider				1.0	96697.5	
85111	accompagnes	accompagner				1.0	96697.5	
85126	trouvent	trouver				1.0	96697.5	
85133	balayez	balayer				1.0	96697.5	
85146	baignes	baigner				1.0	96697.5	
85153	examinent	examiner				1.0	96697.5	
85164	sous-estimer	sous-estimer				1.0	96697.5	
85180	acceptent	accepter				1.0	96697.5	
85194	acclame	acclamer				1.0	96697.5	
85222	acclamant	acclamer				1.0	96697.5	
85229	empaquète	empaqueter				1.0	96697.5	
85269	enroule	enrouler				1.0	96697.5	
85280	slalome	slalomer				1.0	96697.5	
85281	unissez	unir				1.0	96697.5	
85289	abonnes	abonner				1.0	96697.5	
85326	essayent	essayer				1.0	96697.5	
85350	enquêtez	enquêter				1.0	96697.5	
85370	unifiant	unifier		m	s	1.0	96697.5	
85374	vautre	vautrer		m	s	1.0	96697.5	
85384	abomine	abominer				1.0	96697.5	
85423	vapotent	vapoter				1.0	96697.5	
85448	skier	skier				1.0	96697.5	
85470	essaies	essayer				1.0	96697.5	
85522	veillons	veiller				1.0	96697.5	
85539	étudiez	étudier				1.0	96697.5	
85586	sombrera	sombrer				1.0	96697.5	
85595	étudie	étudier				1.0	96697.5	
85606	abritant	abriter				1.0	96697.5	
85613	étudies	étudier				1.0	96697.5	
85638	étudierais	étudier				1.0	96697.5	
85667	vautrés	vautrer		m	p	1.0	96697.5	
85668	évade	évader				1.0	96697.5	
85681	vautres	vautrer		m	p	1.0	96697.5	
85688	socialiser	socialiser				1.0	96697.5	
85689	aboule	abouler				1.0	96697.5	
85696	endure	endurer				1.0	96697.5	
85714	évacuez	évacuer				1.0	96697.5	
85799	signalez	signaler				1.0	96697.5	
85829	vaincront	vaincre				1.0	96697.5	
85835	signalait	signaler				1.0	96697.5	
85838	signale	signaler				1.0	96697.5	
85866	vagabondant	vagabonder		m	s	1.0	96697.5	
85880	bidonne	bidonner				1.0	96697.5	
85893	vanna	vanner				1.0	96697.5	
85907	évitons	éviter				1.0	96697.5	
85924	bigler	bigler				1.0	96697.5	
85933	abaissez	abaisser				1.0	96697.5	
85945	ôtes	ôter				1.0	96697.5	
85971	shoote	shooter				1.0	96697.5	
85978	espèrent	espérer				1.0	96697.5	
85995	sifflez	siffler				1.0	96697.5	
85997	valait	valoir				1.0	96697.5	
86000	fias	fier				1.0	96697.5	
86032	abandonnez	abandonner				1.0	96697.5	
86056	amenons	amener				1.0	96697.5	
86063	utilisant	utiliser				1.0	96697.5	
86065	utilisait	utiliser				1.0	96697.5	
86071	enrichissez	enrichir				1.0	96697.5	
86090	aboient	aboyer				1.0	96697.5	
86095	utilises	utiliser				1.0	96697.5	
86107	enracinez	enraciner				1.0	96697.5	
86198	vacille	vaciller				1.0	96697.5	
86209	enrage	enrager				1.0	96697.5	
86314	venais	venir				1.0	96697.5	
86316	éternuent	éternuer				1.0	96697.5	
86319	éternue	éternuer				1.0	96697.5	
86329	soulevez	soulever				1.0	96697.5	
86378	aliène	aliéner				1.0	96697.5	
86399	étendez	étendre				1.0	96697.5	
86401	soumets	soumettre				1.0	96697.5	
86428	abstenue	abstenir		f	s	1.0	96697.5	
86452	tuerai	tuer				1.0	96697.5	
86457	tuera	tuer				1.0	96697.5	
86467	verras	voir				1.0	96697.5	
86495	endormons	endormir				1.0	96697.5	
86504	améliorez	améliorer				1.0	96697.5	
86505	verra	voir				1.0	96697.5	
86520	allais	aller				1.0	96697.5	
86536	allaient	aller				1.0	96697.5	
86578	verrouille	verrouiller				1.0	96697.5	
86648	alerter	alerter				1.0	96697.5	
86665	ballonnant	ballonner		m	s	1.0	96697.5	
86668	baller	baller				1.0	96697.5	
86678	vibre	vibrer				1.0	96697.5	
86721	veuille	vouloir				1.0	96697.5	
86728	bandai	bander				1.0	96697.5	
86731	éteignons	éteindre				1.0	96697.5	
86743	veulent	vouloir				1.0	96697.5	
86766	trébuché	trébucher				1.0	96697.5	
86783	soupires	soupirer				1.0	96697.5	
86822	accable	accabler				1.0	96697.5	
86849	allumez	allumer				1.0	96697.5	
86852	songez	songer				1.0	96697.5	
86887	enfilez	enfiler				1.0	96697.5	
86889	tète	téter				1.0	96697.5	
86891	emmerdons	emmerder				1.0	96697.5	
86895	bataillant	batailler		m	s	1.0	96697.5	
86925	basions	baser		m	p	1.0	96697.5	
86931	sortais	sortir				1.0	96697.5	
86948	sonnera	sonner				1.0	96697.5	
86949	vengent	venger				1.0	96697.5	
86987	battez	battre				1.0	96697.5	
86992	battent	battre				1.0	96697.5	
87008	vendent	vendre				1.0	96697.5	
87036	sommeille	sommeiller				1.0	96697.5	
87039	battons	battre				1.0	96697.5	
87081	sonder	sonder		m	s	1.0	96697.5	
87088	vendez	vendre				1.0	96697.5	
87089	ferons	faire				1.0	96697.5	
87118	amusa	amuser				1.0	96697.5	
87139	amuses	amuser				1.0	96697.5	
87157	ferais	faire				1.0	96697.5	
87158	emmènes	emmener				1.0	96697.5	
87167	fera	faire				1.0	96697.5	
87177	absolvant	absoudre		m	s	1.0	96697.5	
87180	amusons	amuser				1.0	96697.5	
87244	souffrent	souffrir				1.0	96697.5	
87254	barrons	barrer				1.0	96697.5	
87258	soucie	soucier				1.0	96697.5	
87266	allies	allier				1.0	96697.5	
87281	venter	venter				1.0	96697.5	
87322	étouffent	étouffer				1.0	96697.5	
87337	emmènent	emmener				1.0	96697.5	
87383	sécurise	sécuriser				1.0	96697.5	
87435	externalisons	externaliser				1.0	96697.5	
87440	externalisaient	externaliser				1.0	96697.5	
87458	éduque	éduquer				1.0	96697.5	
87480	séjourne	séjourner				1.0	96697.5	
87493	extermine	exterminer				1.0	96697.5	
87509	empresse	empresser				1.0	96697.5	
87531	attaquerait	attaquer				1.0	96697.5	
87562	atteignez	atteindre				1.0	96697.5	
87581	atteins	atteindre				1.0	96697.5	
87585	zozotant	zozoter				1.0	96697.5	
87587	synthétisant	synthétiser		m	s	1.0	96697.5	
87625	séchez	sécher				1.0	96697.5	
87626	sécherons	sécher		m	p	1.0	96697.5	
87715	envahissent	envahir				1.0	96697.5	
87734	astiquent	astiquer				1.0	96697.5	
87793	entrent	entrer				1.0	96697.5	
87823	arrachez	arracher				1.0	96697.5	
87844	tord	tordre				1.0	96697.5	
87858	torchez	torcher				1.0	96697.5	
87866	sélectionne	sélectionner				1.0	96697.5	
87905	séparez	séparer				1.0	96697.5	
87913	exister	exister				1.0	96697.5	
87919	séparons	séparer				1.0	96697.5	
87943	séparant	séparer		m	s	1.0	96697.5	
87958	sépare	séparer				1.0	96697.5	
87979	survécurent	survivre				1.0	96697.5	
88100	toussotant	toussoter				1.0	96697.5	
88136	vérifies	vérifier				1.0	96697.5	
88141	engendre	engendrer				1.0	96697.5	
88164	surveilles	surveiller				1.0	96697.5	
88180	surveillent	surveiller				1.0	96697.5	
88192	entraînez	entraîner				1.0	96697.5	
88211	arbore	arborer				1.0	96697.5	
88214	survivent	survivre				1.0	96697.5	
88327	attendes	attendre				1.0	96697.5	
88355	zonés	zoner		m	p	1.0	96697.5	
88378	acquérez	acquérir				1.0	96697.5	
88462	emportez	emporter				1.0	96697.5	
88481	engendrez	engendrer				1.0	96697.5	
88484	emportes	emporter				1.0	96697.5	
88490	tournoient	tournoyer				1.0	96697.5	
88523	attendons	attendre				1.0	96697.5	
88526	attendrai	attendre				1.0	96697.5	
88531	attendras	attendre				1.0	96697.5	
88537	sut	savoir				1.0	96697.5	
88559	tournais	tourner				1.0	96697.5	
88569	argentais	argenter		m		1.0	96697.5	
88587	thermaliser	thermaliser				1.0	96697.5	
88609	thématisée	thématiser		f	s	1.0	96697.5	
88626	adorons	adorer				1.0	96697.5	
88646	théorisant	théoriser		m	s	1.0	96697.5	
88649	testez	tester				1.0	96697.5	
88701	aspire	aspirer				1.0	96697.5	
88703	adorez	adorer				1.0	96697.5	
88709	tester	tester				1.0	96697.5	
88735	enchante	enchanter				1.0	96697.5	
88748	échappons	échapper				1.0	96697.5	
88794	tintinnabule	tintinnabuler				1.0	96697.5	
88795	exposes	exposer				1.0	96697.5	
88799	adora	adorer				1.0	96697.5	
88804	expirez	expirer				1.0	96697.5	
88806	tardes	tarder				1.0	96697.5	
88819	adorent	adorer				1.0	96697.5	
88835	adoptez	adopter				1.0	96697.5	
88837	tient	tenir				1.0	96697.5	
88855	expose	exposer				1.0	96697.5	
88859	tiennent	tenir				1.0	96697.5	
88871	taquinant	taquiner		m	s	1.0	96697.5	
88881	assaisonnent	assaisonner				1.0	96697.5	
88884	tends	tendre				1.0	96697.5	
88916	explore	explorer				1.0	96697.5	
88917	assigne	assigner				1.0	96697.5	
88937	adressez	adresser				1.0	96697.5	
88944	échoues	échouer				1.0	96697.5	
88959	terminent	terminer				1.0	96697.5	
88965	éclaircir	éclaircir				1.0	96697.5	
88979	advenu	advenir		m	s	1.0	96697.5	
88982	tentons	tenter				1.0	96697.5	
88992	échurent	échoir				1.0	96697.5	
88998	tentent	tenter				1.0	96697.5	
89022	tendez	tendre				1.0	96697.5	
89068	encercle	encercler				1.0	96697.5	
89071	encerclent	encercler				1.0	96697.5	
89123	expliques	expliquer				1.0	96697.5	
89128	échoue	échouer				1.0	96697.5	
89143	échoiront	échoir				1.0	96697.5	
89162	terrassons	terrasser		m	p	1.0	96697.5	
89171	échappe	échapper				1.0	96697.5	
89174	écrasons	écraser				1.0	96697.5	
89193	affichez	afficher				1.0	96697.5	
89200	écrasez	écraser				1.0	96697.5	
89219	assume	assumer				1.0	96697.5	
89225	expulsons	expulser				1.0	96697.5	
89253	affichant	afficher		m	s	1.0	96697.5	
89261	affichant	afficher				1.0	96697.5	
89271	expulse	expulser				1.0	96697.5	
89281	admettez	admettre				1.0	96697.5	
89290	écarteler	écarteler				1.0	96697.5	
89342	assèche	assécher				1.0	96697.5	
89366	asséchant	assécher		m	s	1.0	96697.5	
89371	ébroue	ébrouer				1.0	96697.5	
89397	emprunte	emprunter				1.0	96697.5	
89411	taillader	taillader				1.0	96697.5	
89436	tomber	tomber				1.0	96697.5	
89449	arriva	arriver				1.0	96697.5	
89461	arriverai	arriver				1.0	96697.5	
89464	adhèrent	adhérer				1.0	96697.5	
89512	tapez	taper				1.0	96697.5	
89518	arrêtons	arrêter				1.0	96697.5	
89522	tapies	tapir		f	p	1.0	96697.5	
89523	tirons	tirer				1.0	96697.5	
89610	assomme	assommer				1.0	96697.5	
89709	écoutent	écouter				1.0	96697.5	
89764	tissez	tisser				1.0	96697.5	
89836	enterrez	enterrer				1.0	96697.5	
89856	traversent	traverser				1.0	96697.5	
89869	travaillons	travailler				1.0	96697.5	
89886	avortez	avorter				1.0	96697.5	
89913	succombe	succomber				1.0	96697.5	
89960	avérez	avérer				1.0	96697.5	
89989	vivez	vivre				1.0	96697.5	
90017	vivra	vivre				1.0	96697.5	
90027	vivons	vivre				1.0	96697.5	
90074	accroupies	accroupir		f	p	1.0	96697.5	
90081	appelles	appeler				1.0	96697.5	
90082	entichés	enticher		m	p	1.0	96697.5	
90108	entichées	enticher		f	p	1.0	96697.5	
90119	suffit	suffire				1.0	96697.5	
90121	appelais	appeler				1.0	96697.5	
90128	suffoque	suffoquer				1.0	96697.5	
90132	appelait	appeler				1.0	96697.5	
90138	vola	voler				1.0	96697.5	
90157	exclament	exclamer				1.0	96697.5	
90161	transporte	transporter				1.0	96697.5	
90178	entonne	entonner				1.0	96697.5	
90192	empiètent	empiéter				1.0	96697.5	
90198	avertissez	avertir				1.0	96697.5	
90216	appartenez	appartenir				1.0	96697.5	
90220	excite	exciter				1.0	96697.5	
90232	sucez	sucer				1.0	96697.5	
90243	travaillait	travailler				1.0	96697.5	
90272	sucent	sucer				1.0	96697.5	
90302	sueraient	suer				1.0	96697.5	
90389	trie	trier				1.0	96697.5	
90424	stimulez	stimuler				1.0	96697.5	
90437	stocke	stocker				1.0	96697.5	
90444	entende	entendre				1.0	96697.5	
90461	trichions	tricher		m	p	1.0	96697.5	
90470	stoppez	stopper				1.0	96697.5	
90472	stoppe	stopper				1.0	96697.5	
90541	examineront	examiner				1.0	96697.5	
90560	fasse	faire				1.0	96697.5	
90576	stagner	stagner				1.0	96697.5	
90587	virez	virer				1.0	96697.5	
90629	accorde	accorder				1.0	96697.5	
90645	fascinent	fasciner				1.0	96697.5	
90702	stérilise	stériliser				1.0	96697.5	
90707	vissa	visser				1.0	96697.5	
90778	erra	errer				1.0	96697.5	
90781	aèrent	aérer				1.0	96697.5	
90783	aères	aérer				1.0	96697.5	
90796	axons	axer				1.0	96697.5	
90866	enlevez	enlever				1.0	96697.5	
90870	visita	visiter				1.0	96697.5	
90944	visitez	visiter				1.0	96697.5	
90963	voyons	voir				1.0	96697.5	
90972	voyions	voir				1.0	96697.5	
90988	approuvez	approuver				1.0	96697.5	
91020	envisage	envisager				1.0	96697.5	
91042	éloignes	éloigner				1.0	96697.5	
91054	apprécie	apprécier				1.0	96697.5	
91094	augmente	augmenter				1.0	96697.5	
91248	appropriez	approprier				1.0	96697.5	
91267	élevèrent	élever				1.0	96697.5	
91282	élevez	élever				1.0	96697.5	
91322	exécutez	exécuter				1.0	96697.5	
91325	appuies	appuyer				1.0	96697.5	
91385	affronte	affronter				1.0	96697.5	
91403	entraînera	entraîner				1.0	96697.5	
91448	appréciez	apprécier				1.0	96697.5	
91452	traitez	traiter				1.0	96697.5	
91458	acharne	acharner				1.0	96697.5	
91493	empoisonne	empoisonner				1.0	96697.5	
91503	acheter	acheter		m	s	1.0	96697.5	
91576	apportes	apporter				1.0	96697.5	
91579	accueillons	accueillir				1.0	96697.5	
91585	apportent	apporter				1.0	96697.5	
91626	avalez	avaler				1.0	96697.5	
91637	agite	agiter				1.0	96697.5	
91648	agissent	agir				1.0	96697.5	
91657	agira	agir				1.0	96697.5	
91661	agis	agir				1.0	96697.5	
91665	transmettez	transmettre				1.0	96697.5	
91666	entoure	entourer				1.0	96697.5	
91672	autorisez	autoriser				1.0	96697.5	
91687	vomissez	vomir				1.0	96697.5	
91697	vomit	vomir				1.0	96697.5	
91703	agitez	agiter				1.0	96697.5	
91709	suivent	suivre				1.0	96697.5	
91717	applaudissez	applaudir				1.0	96697.5	
91738	énamourées	énamourer		f	p	1.0	96697.5	
91739	suiviez	suivre				1.0	96697.5	
91751	applaudissent	applaudir				1.0	96697.5	
91779	transpire	transpirer				1.0	96697.5	
91803	accueillent	accueillir				1.0	96697.5	
91812	accueille	accueillir				1.0	96697.5	
91835	envolons	envoler				1.0	96697.5	
91865	encourage	encourager				1.0	96697.5	
91877	voulais	vouloir				1.0	96697.5	
91880	voulaient	vouloir				1.0	96697.5	
91912	transférer	transférer		m	s	1.0	96697.5	
91931	enfuie	enfuir				1.0	96697.5	
91953	transformer	transformer				1.0	96697.5	
91976	voulait	vouloir				1.0	96697.5	
91979	encorne	encorner				1.0	96697.5	
91991	agenouillez	agenouiller				1.0	96697.5	
92000	accuse	accuser				1.0	96697.5	
92006	supposons	supposer				1.0	96697.5	
92009	faibli	faiblir		f	s	1.0	96697.5	
92019	faibli	faiblir		m	p	1.0	96697.5	
92026	voudra	vouloir				1.0	96697.5	
92044	aggraves	aggraver		f	p	1.0	96697.5	
92058	apprend	apprendre				1.0	96697.5	
92060	faiblir	faiblir		m	s	1.0	96697.5	
92091	voudrait	vouloir				1.0	96697.5	
92108	fadai	fader				1.0	96697.5	
92110	voudriez	vouloir				1.0	96697.5	
92117	voudraient	vouloir				1.0	96697.5	
92125	supprimer	supprimer		m	s	1.0	96697.5	
92128	apprendrai	apprendre				1.0	96697.5	
92133	supprime	supprimer				1.0	96697.5	
92135	apprenez	apprendre				1.0	96697.5	
92138	supprimez	supprimer				1.0	96697.5	
92151	fader	fader				1.0	96697.5	
92160	pendent	pendre				1.0	96697.5	
92163	descendons	descendre				1.0	96697.5	
92187	demandant	demander				1.0	96697.5	
92191	penserais	penser				1.0	96697.5	
92198	pensait	penser				1.0	96697.5	
92200	pensais	penser				1.0	96697.5	
92206	hélant	héler				1.0	96697.5	
92226	hérite	hériter				1.0	96697.5	
92343	dama	damer				1.0	96697.5	
92347	perdent	perdre				1.0	96697.5	
92348	perde	perdre				1.0	96697.5	
92416	desserres	desserrer		f	p	1.0	96697.5	
92433	passèrent	passer				1.0	96697.5	
92484	devra	devoir				1.0	96697.5	
92487	devrions	devoir				1.0	96697.5	
92510	partit	partir				1.0	96697.5	
92515	devenait	devenir				1.0	96697.5	
92518	deviendra	devenir				1.0	96697.5	
92519	deviendraient	devenir				1.0	96697.5	
92524	deviner	deviner				1.0	96697.5	
92526	passent	passer				1.0	96697.5	
92533	passa	passer				1.0	96697.5	
92565	payais	payer				1.0	96697.5	
92581	déployez	déployer				1.0	96697.5	
92598	hésite	hésiter				1.0	96697.5	
92618	déploie	déployer				1.0	96697.5	
92639	identifiez	identifier				1.0	96697.5	
92665	identifie	identifier				1.0	96697.5	
92701	pilonnant	pilonner				1.0	96697.5	
92713	pincez	pincer				1.0	96697.5	
92772	picorer	picorer		m	s	1.0	96697.5	
92802	humanisant	humaniser		m	s	1.0	96697.5	
92825	piquez	piquer				1.0	96697.5	
92828	piquerons	piquer		m	p	1.0	96697.5	
92846	créma	crémer		f	s	1.0	96697.5	
92900	pinta	pinter				1.0	96697.5	
92904	cuisent	cuire				1.0	96697.5	
92941	picore	picorer				1.0	96697.5	
92977	hurlera	hurler				1.0	96697.5	
93052	hypertrophiant	hypertrophier		m	s	1.0	96697.5	
93059	célébrons	célébrer				1.0	96697.5	
93080	cumule	cumuler				1.0	96697.5	
93105	cultivez	cultiver				1.0	96697.5	
93180	humilie	humilier				1.0	96697.5	
93191	pestifères	pestiférer				1.0	96697.5	
93221	dissent	dire				1.0	96697.5	
93235	disputez	disputer				1.0	96697.5	
93247	oserez	oser				1.0	96697.5	
93249	disposez	disposer				1.0	96697.5	
93253	osera	oser				1.0	96697.5	
93282	dépasserait	dépasser				1.0	96697.5	
93289	dépassent	dépasser				1.0	96697.5	
93308	organisez	organiser				1.0	96697.5	
93312	organisent	organiser				1.0	96697.5	
93315	organisant	organiser		m	s	1.0	96697.5	
93347	ouvrira	ouvrir				1.0	96697.5	
93366	ouïsse	ouïr				1.0	96697.5	
93369	immobilise	immobiliser				1.0	96697.5	
93407	oublions	oublier				1.0	96697.5	
93415	oublierais	oublier				1.0	96697.5	
93419	disperse	disperser				1.0	96697.5	
93450	immortalise	immortaliser				1.0	96697.5	
93517	offrira	offrir				1.0	96697.5	
93518	offrez	offrir				1.0	96697.5	
93520	offrent	offrir				1.0	96697.5	
93532	occupes	occuper				1.0	96697.5	
93701	opine	opiner				1.0	96697.5	
93727	ignorent	ignorer				1.0	96697.5	
93746	pares	parer				1.0	96697.5	
93751	parera	parer				1.0	96697.5	
93774	parie	parier				1.0	96697.5	
93802	imaginons	imaginer				1.0	96697.5	
93818	paraphrasant	paraphraser		m	s	1.0	96697.5	
93824	imagines	imaginer				1.0	96697.5	
93837	imagina	imaginer				1.0	96697.5	
93873	partageons	partager				1.0	96697.5	
93874	parte	partir				1.0	96697.5	
93892	partent	partir				1.0	96697.5	
93913	participera	participer				1.0	96697.5	
93951	parlaient	parler				1.0	96697.5	
93960	diffusera	diffuser				1.0	96697.5	
94061	discute	discuter				1.0	96697.5	
94095	paierai	payer				1.0	96697.5	
94097	paiera	payer				1.0	96697.5	
94159	dirais	dire				1.0	96697.5	
94167	paralyse	paralyser				1.0	96697.5	
94168	dirigez	diriger				1.0	96697.5	
94176	disais	dire				1.0	96697.5	
94190	dépend	dépendre				1.0	96697.5	
94222	imitant	imiter				1.0	96697.5	
94226	imite	imiter				1.0	96697.5	
94299	proposent	proposer				1.0	96697.5	
94302	convenez	convenir				1.0	96697.5	
94309	déroules	dérouler				1.0	96697.5	
94320	promettez	promettre				1.0	96697.5	
94333	convoite	convoiter				1.0	96697.5	
94337	promenez	promener				1.0	96697.5	
94351	promettons	promettre				1.0	96697.5	
94386	protégeons	protéger				1.0	96697.5	
94480	prospèrent	prospérer				1.0	96697.5	
94487	gâtent	gâter				1.0	96697.5	
94490	contribue	contribuer				1.0	96697.5	
94500	gâtez	gâter				1.0	96697.5	
94507	gâtons	gâter				1.0	96697.5	
94509	prospéré	prospérer				1.0	96697.5	
94522	procrastinez	procrastiner				1.0	96697.5	
94529	habitue	habituer				1.0	96697.5	
94544	correspondent	correspondre				1.0	96697.5	
94568	procurez	procurer				1.0	96697.5	
94574	procurent	procurer				1.0	96697.5	
94585	prisa	priser				1.0	96697.5	
94600	primer	primer				1.0	96697.5	
94616	habitues	habituer				1.0	96697.5	
94623	corrige	corriger				1.0	96697.5	
94628	dérangez	déranger				1.0	96697.5	
94631	dérangent	déranger				1.0	96697.5	
94682	convoque	convoquer				1.0	96697.5	
94747	coorganise	coorganiser				1.0	96697.5	
94779	désacralisant	désacraliser		m	s	1.0	96697.5	
94788	contactez	contacter				1.0	96697.5	
94822	prétendent	prétendre				1.0	96697.5	
94824	prétend	prétendre				1.0	96697.5	
94838	consumer	consumer				1.0	96697.5	
94844	présentera	présenter				1.0	96697.5	
94867	continua	continuer				1.0	96697.5	
94869	continuent	continuer				1.0	96697.5	
94873	continuons	continuer				1.0	96697.5	
94876	prépares	préparer				1.0	96697.5	
94902	contentons	contenter				1.0	96697.5	
94909	construisons	construire				1.0	96697.5	
94910	construis	construire				1.0	96697.5	
94914	consomme	consommer				1.0	96697.5	
94917	prêtez	prêter				1.0	96697.5	
94938	grouillez	grouiller				1.0	96697.5	
94943	consolide	consolider				1.0	96697.5	
94963	psalmodiant	psalmodier				1.0	96697.5	
94965	grossissent	grossir				1.0	96697.5	
94977	constitue	constituer				1.0	96697.5	
94979	prévenez	prévenir				1.0	96697.5	
95012	grouillons	grouiller				1.0	96697.5	
95030	prévis	prévoir		f		1.0	96697.5	
95037	groupons	grouper				1.0	96697.5	
95079	prédisent	prédire				1.0	96697.5	
95107	provoquent	provoquer				1.0	96697.5	
95117	provient	provenir				1.0	96697.5	
95136	guérissez	guérir				1.0	96697.5	
95141	guérir	guérir		m	s	1.0	96697.5	
95144	contre-attaquent	contre-attaquer				1.0	96697.5	
95198	contourne	contourner				1.0	96697.5	
95199	guidera	guider				1.0	96697.5	
95245	préfabrique	préfabriquer		f	s	1.0	96697.5	
95324	crevez	crever				1.0	96697.5	
95326	plombait	plomber				1.0	96697.5	
95332	cria	crier				1.0	96697.5	
95341	plumons	plumer		m	p	1.0	96697.5	
95356	dépucèles	dépuceler				1.0	96697.5	
95390	pleurerais	pleurer				1.0	96697.5	
95433	pleura	pleurer				1.0	96697.5	
95492	cranait	craner				1.0	96697.5	
95512	poignardant	poignarder		m	s	1.0	96697.5	
95542	haves	haver				1.0	96697.5	
95569	cryogénises	cryogéniser				1.0	96697.5	
95601	plaignons	plaindre				1.0	96697.5	
95603	plaignez	plaindre				1.0	96697.5	
95676	crèvent	crever				1.0	96697.5	
95698	plantez	planter				1.0	96697.5	
95726	croise	croiser				1.0	96697.5	
95728	croisent	croiser				1.0	96697.5	
95767	plaise	plaire				1.0	96697.5	
95775	plaisantant	plaisanter				1.0	96697.5	
95819	croques	croquer				1.0	96697.5	
95821	planent	planer				1.0	96697.5	
95842	pourront	pouvoir				1.0	96697.5	
95843	poursuivent	poursuivre				1.0	96697.5	
95854	hanta	hanter				1.0	96697.5	
95881	coupera	couper				1.0	96697.5	
95882	poursuivons	poursuivre				1.0	96697.5	
95899	pouponne	pouponner		f	s	1.0	96697.5	
95911	happent	happer				1.0	96697.5	
95912	happer	happer				1.0	96697.5	
95928	pourriez	pouvoir				1.0	96697.5	
95930	courez	courir				1.0	96697.5	
95933	pourraient	pouvoir				1.0	96697.5	
95935	pourra	pouvoir				1.0	96697.5	
95954	pourchassait	pourchasser				1.0	96697.5	
95959	poussant	pousser				1.0	96697.5	
95966	haler	haler				1.0	96697.5	
95989	cota	coter				1.0	96697.5	
96013	hais	haïr				1.0	96697.5	
96034	pouvais	pouvoir				1.0	96697.5	
96043	couine	couiner				1.0	96697.5	
96054	halètent	haleter				1.0	96697.5	
96057	prenne	prendre				1.0	96697.5	
96081	pratiquez	pratiquer				1.0	96697.5	
96086	pratiquent	pratiquer				1.0	96697.5	
96093	harper	harper		m	s	1.0	96697.5	
96110	craignant	craindre				1.0	96697.5	
96159	pommer	pommer				1.0	96697.5	
96186	cramponne	cramponner				1.0	96697.5	
96191	craignez	craindre				1.0	96697.5	
96252	posta	poster				1.0	96697.5	
96316	porter	porter			s	1.0	96697.5	
96328	posséderai	posséder				1.0	96697.5	
96329	possédera	posséder				1.0	96697.5	
96333	possèdes	posséder				1.0	96697.5	
96341	couvais	couver				1.0	96697.5	
96379	love	lover		m	s	1.0	96697.5	
96421	louez	louer				1.0	96697.5	
96435	décèdes	décéder				1.0	96697.5	
96468	loupions	louper		m	p	1.0	96697.5	
96507	décrivez	décrire				1.0	96697.5	
96554	institue	instituer				1.0	96697.5	
96628	insérer	insérer		m	s	1.0	96697.5	
96635	linéariser	linéariser				1.0	96697.5	
96664	lisez	lire				1.0	96697.5	
96668	lisent	lire				1.0	96697.5	
96677	lira	lire				1.0	96697.5	
96716	limitez	limiter				1.0	96697.5	
96726	intensifie	intensifier				1.0	96697.5	
96756	logeaient	loger				1.0	96697.5	
96781	logez	loger				1.0	96697.5	
96817	livrait	livrer				1.0	96697.5	
96824	lites	liter		m	p	1.0	96697.5	
96869	livrez	livrer				1.0	96697.5	
96883	marcha	marcher				1.0	96697.5	
96920	marchons	marcher				1.0	96697.5	
96931	marcher	marcher				1.0	96697.5	
96933	marchent	marcher				1.0	96697.5	
96934	inquiétons	inquiéter				1.0	96697.5	
96961	démarrez	démarrer				1.0	96697.5	
96989	démasque	démasquer				1.0	96697.5	
97014	décolle	décoller				1.0	96697.5	
97069	marronnasses	marronner		m	p	1.0	96697.5	
97070	marrions	marrer				1.0	96697.5	
97077	inquiètent	inquiéter				1.0	96697.5	
97085	mariez	marier				1.0	96697.5	
97143	mailler	mailler				1.0	96697.5	
97191	majore	majorer				1.0	96697.5	
97198	découpent	découper				1.0	96697.5	
97237	découvrez	découvrir				1.0	96697.5	
97309	insiste	insister				1.0	96697.5	
97361	maltraitent	maltraiter				1.0	96697.5	
97370	mangerez	manger				1.0	96697.5	
97376	mangeons	manger				1.0	96697.5	
97390	mande	mander				1.0	96697.5	
97398	mandate	mandater				1.0	96697.5	
97421	interromps	interrompre				1.0	96697.5	
97425	délaye	délayer				1.0	96697.5	
97501	javellisant	javelliser				1.0	96697.5	
97541	jouasses	jouer		f	p	1.0	96697.5	
97543	jouant	jouer				1.0	96697.5	
97544	jouait	jouer				1.0	96697.5	
97576	jouons	jouer				1.0	96697.5	
97591	joui	jouir				1.0	96697.5	
97652	joignent	joindre				1.0	96697.5	
97654	joignant	joindre		m	s	1.0	96697.5	
97655	joignant	joindre				1.0	96697.5	
97672	dégénérant	dégénérer		m	s	1.0	96697.5	
97719	invente	inventer				1.0	96697.5	
97762	déjeune	déjeuner				1.0	96697.5	
97787	intriguant	intriguer				1.0	96697.5	
97830	intervienne	intervenir				1.0	96697.5	
97844	irradie	irradier				1.0	96697.5	
97854	irises	iriser				1.0	96697.5	
97909	délaisse	délaisser				1.0	96697.5	
97914	invitent	inviter				1.0	96697.5	
97920	investissez	investir				1.0	96697.5	
97996	lapant	laper				1.0	96697.5	
98000	déforeste	déforester				1.0	96697.5	
98002	lançant	lancer		m	s	1.0	96697.5	
98024	interdis	interdire				1.0	96697.5	
98035	larde	larder				1.0	96697.5	
98061	délivrez	délivrer				1.0	96697.5	
98116	défendez	défendre				1.0	96697.5	
98124	défendons	défendre				1.0	96697.5	
98192	défoule	défouler				1.0	96697.5	
98205	justifient	justifier				1.0	96697.5	
98215	jurez	jurer				1.0	96697.5	
98217	jures	jurer				1.0	96697.5	
98228	kiffons	kiffer				1.0	96697.5	
98229	kiffiez	kiffer				1.0	96697.5	
98231	kifferiez	kiffer				1.0	96697.5	
98232	kifferez	kiffer				1.0	96697.5	
98233	kifferas	kiffer				1.0	96697.5	
98312	jugeront	juger				1.0	96697.5	
98384	interdisons	interdire				1.0	96697.5	
98409	klaxonnez	klaxonner				1.0	96697.5	
98419	klaxonne	klaxonner				1.0	96697.5	
98431	laisserais	laisser				1.0	96697.5	
98461	incorpore	incorporer				1.0	96697.5	
98472	méritez	mériter				1.0	96697.5	
98477	méritent	mériter				1.0	96697.5	
98546	mélangez	mélanger				1.0	96697.5	
98584	ménagez	ménager				1.0	96697.5	
98629	incitent	inciter				1.0	96697.5	
98646	dupez	duper				1.0	96697.5	
98658	nageant	nager				1.0	96697.5	
98660	dusse	devoir				1.0	96697.5	
98699	inclinons	incliner				1.0	96697.5	
98708	incluait	inclure				1.0	96697.5	
98746	mut	mouvoir				1.0	96697.5	
98866	médis	médire				1.0	96697.5	
98898	méfies	méfier				1.0	96697.5	
98924	mâte	mâter				1.0	96697.5	
98939	débites	débiter		f	p	1.0	96697.5	
98948	mènes	mener				1.0	96697.5	
98983	objectivant	objectiver		m	s	1.0	96697.5	
99021	oblitérant	oblitérer		m	s	1.0	96697.5	
99045	négligez	négliger				1.0	96697.5	
99064	dormir	dormir				1.0	96697.5	
99065	nuisit	nuire				1.0	96697.5	
99067	dormis	dormir				1.0	96697.5	
99070	nuis	nuire				1.0	96697.5	
99071	dors	dormir		m	s	1.0	96697.5	
99081	imprégnant	imprégner				1.0	96697.5	
99082	imprégnant	imprégner		m	s	1.0	96697.5	
99087	dores	dorer				1.0	96697.5	
99104	nécessite	nécessiter				1.0	96697.5	
99116	obtient	obtenir				1.0	96697.5	
99118	obtiens	obtenir				1.0	96697.5	
99130	obtenons	obtenir				1.0	96697.5	
99147	imposera	imposer				1.0	96697.5	
99159	divisent	diviser				1.0	96697.5	
99171	obvie	obvier		f	s	1.0	96697.5	
99180	observons	observer				1.0	96697.5	
99189	observer	observer				1.0	96697.5	
99192	observe	observer				1.0	96697.5	
99198	obscurcit	obscurcir				1.0	96697.5	
99225	imprime	imprimer				1.0	96697.5	
99254	dénie	dénier				1.0	96697.5	
99271	dresser	dresser				1.0	96697.5	
99323	neutralise	neutraliser				1.0	96697.5	
99329	nettoyons	nettoyer				1.0	96697.5	
99332	nettoyez	nettoyer				1.0	96697.5	
99347	dressez	dresser				1.0	96697.5	
99378	inaugurant	inaugurer				1.0	96697.5	
99406	doublera	doubler				1.0	96697.5	
99420	dota	doter				1.0	96697.5	
99435	nourrissez	nourrir				1.0	96697.5	
99440	doutait	douter				1.0	96697.5	
99443	nommes	nommer				1.0	96697.5	
99470	draguez	draguer				1.0	96697.5	
99475	notez	noter				1.0	96697.5	
99481	notera	noter				1.0	96697.5	
99517	mettrait	mettre				1.0	96697.5	
99524	déchantent	déchanter				1.0	96697.5	
99527	mettes	mettre				1.0	96697.5	
99542	miaulait	miauler				1.0	96697.5	
99546	meus	mouvoir				1.0	96697.5	
99574	déchaînent	déchaîner				1.0	96697.5	
99583	mentis	mentir				1.0	96697.5	
99606	démissionne	démissionner				1.0	96697.5	
99616	mesurant	mesurer				1.0	96697.5	
99650	miner	miner				1.0	96697.5	
99684	minions	miner				1.0	96697.5	
99745	mima	mimer				1.0	96697.5	
99781	décline	décliner				1.0	96697.5	
99842	démentent	démentir				1.0	96697.5	
99866	massera	masser				1.0	96697.5	
99870	masturbe	masturber				1.0	96697.5	
99926	décides	décider				1.0	96697.5	
99934	mentionne	mentionner				1.0	96697.5	
99942	menti	mentir				1.0	96697.5	
99947	mente	mentir				1.0	96697.5	
99953	mens	mentir			s	1.0	96697.5	
99998	initiant	initier		m	s	1.0	96697.5	
100053	morfler	morfler				1.0	96697.5	
100086	motive	motiver				1.0	96697.5	
100109	débranche	débrancher				1.0	96697.5	
100121	monétarise	monétariser				1.0	96697.5	
100150	mordent	mordre				1.0	96697.5	
100153	mord	mordre				1.0	96697.5	
100174	mua	muer				1.0	96697.5	
100201	multipliez	multiplier				1.0	96697.5	
100213	multipliant	multiplier		m	s	1.0	96697.5	
100264	mourut	mourir				1.0	96697.5	
100275	indiquez	indiquer				1.0	96697.5	
100349	modifier	modifier		m	s	1.0	96697.5	
100361	misez	miser				1.0	96697.5	
100368	miser	miser				1.0	96697.5	
100411	démonisant	démoniser				1.0	96697.5	
100413	miter	miter		m	s	1.0	96697.5	
100468	montrent	montrer				1.0	96697.5	
100476	montons	monter				1.0	96697.5	
100568	roulez	rouler				1.0	96697.5	
100628	rote	roter				1.0	96697.5	
100631	rotas	roter				1.0	96697.5	
100634	rota	roter				1.0	96697.5	
100647	rossa	rosser				1.0	96697.5	
100662	calma	calmer				1.0	96697.5	
100669	calmera	calmer				1.0	96697.5	
100701	rusa	ruser				1.0	96697.5	
100709	fouillent	fouiller				1.0	96697.5	
100743	fouettons	fouetter				1.0	96697.5	
100780	rouvrirait	rouvrir				1.0	96697.5	
100799	ruiez	ruer				1.0	96697.5	
100802	rugit	rugir				1.0	96697.5	
100849	fout	foutre				1.0	96697.5	
100871	risquent	risquer				1.0	96697.5	
100886	rima	rimer				1.0	96697.5	
100920	foutons	foutre				1.0	96697.5	
100932	canner	canner				1.0	96697.5	
100936	rince	rincer				1.0	96697.5	
100938	développer	développer				1.0	96697.5	
100945	développe	développer				1.0	96697.5	
100949	campons	camper				1.0	96697.5	
100957	ronfle	ronfler				1.0	96697.5	
100969	romps	rompre				1.0	96697.5	
100991	fourmille	fourmiller				1.0	96697.5	
101015	rompez	rompre				1.0	96697.5	
101107	récoltent	récolter				1.0	96697.5	
101142	bénissent	bénir				1.0	96697.5	
101153	récite	réciter				1.0	96697.5	
101198	réclament	réclamer				1.0	96697.5	
101216	forer	forer				1.0	96697.5	
101224	réduisent	réduire				1.0	96697.5	
101271	bâillant	bâiller		m	s	1.0	96697.5	
101294	récupère	récupérer				1.0	96697.5	
101317	rédige	rédiger				1.0	96697.5	
101362	dévores	dévorer				1.0	96697.5	
101376	cachons	cacher				1.0	96697.5	
101381	cachent	cacher				1.0	96697.5	
101405	cachez	cacher				1.0	96697.5	
101456	réagence	réagencer		f	s	1.0	96697.5	
101479	fornique	forniquer				1.0	96697.5	
101641	ressuscitez	ressusciter				1.0	96697.5	
101647	ressuscite	ressusciter				1.0	96697.5	
101693	ressemblera	ressembler				1.0	96697.5	
101697	ressemblent	ressembler				1.0	96697.5	
101723	ressentirais	ressentir				1.0	96697.5	
101731	ressentez	ressentir				1.0	96697.5	
101732	ressentent	ressentir				1.0	96697.5	
101797	retapez	retaper				1.0	96697.5	
101825	détrompe	détromper				1.0	96697.5	
101860	détrompez	détromper				1.0	96697.5	
101912	détoxifies	détoxifier				1.0	96697.5	
101918	détoxifient	détoxifier				1.0	96697.5	
101922	détoxifiait	détoxifier				1.0	96697.5	
101954	détournent	détourner				1.0	96697.5	
101963	chamboule	chambouler				1.0	96697.5	
101990	représente	représenter				1.0	96697.5	
102037	fris	frire				1.0	96697.5	
102084	respecte	respecter				1.0	96697.5	
102115	respirons	respirer				1.0	96697.5	
102119	respires	respirer				1.0	96697.5	
102144	reviendrait	revenir				1.0	96697.5	
102207	revenait	revenir				1.0	96697.5	
102232	reverrais	revoir				1.0	96697.5	
102268	rhabillez	rhabiller				1.0	96697.5	
102275	rhabille	rhabiller				1.0	96697.5	
102285	reçoivent	recevoir				1.0	96697.5	
102286	reçoit	recevoir				1.0	96697.5	
102290	revîntes	revenir				1.0	96697.5	
102299	ridiculise	ridiculiser				1.0	96697.5	
102322	ricanent	ricaner				1.0	96697.5	
102323	ricane	ricaner				1.0	96697.5	
102326	capitulent	capituler				1.0	96697.5	
102380	capte	capter				1.0	96697.5	
102412	retombez	retomber				1.0	96697.5	
102420	retombent	retomber				1.0	96697.5	
102430	retrace	retracer				1.0	96697.5	
102437	retournons	retourner				1.0	96697.5	
102448	retournent	retourner				1.0	96697.5	
102458	retombe	retomber				1.0	96697.5	
102483	retenez	retenir				1.0	96697.5	
102490	détruisez	détruire				1.0	96697.5	
102518	retint	retenir				1.0	96697.5	
102520	cassa	casser				1.0	96697.5	
102521	retiens	retenir				1.0	96697.5	
102587	frappent	frapper				1.0	96697.5	
102644	détériore	détériorer				1.0	96697.5	
102661	saluant	saluer				1.0	96697.5	
102700	sanctifie	sanctifier				1.0	96697.5	
102711	saluez	saluer				1.0	96697.5	
102712	bostonnais	bostonner				1.0	96697.5	
102722	boucha	boucher				1.0	96697.5	
102727	bouclez	boucler				1.0	96697.5	
102737	sais	savoir				1.0	96697.5	
102746	flageller	flageller		m	s	1.0	96697.5	
102755	saisissent	saisir				1.0	96697.5	
102756	saisissez	saisir				1.0	96697.5	
102765	bouchez	boucher				1.0	96697.5	
102775	fixons	fixer				1.0	96697.5	
102798	satanas	sataner				1.0	96697.5	
102799	satana	sataner				1.0	96697.5	
102866	finissent	finir				1.0	96697.5	
102874	finissez	finir				1.0	96697.5	
102880	finissons	finir				1.0	96697.5	
102897	bordes	border		f	p	1.0	96697.5	
102900	sapa	saper		m	s	1.0	96697.5	
102912	borna	borner				1.0	96697.5	
102922	embaument	embaumer				1.0	96697.5	
102940	bourgeonne	bourgeonner				1.0	96697.5	
102945	réépouse	réépouser		f	s	1.0	96697.5	
102960	boume	boumer				1.0	96697.5	
102974	rêvassant	rêvasser		m	s	1.0	96697.5	
102976	bourdonnent	bourdonner				1.0	96697.5	
103008	bourrelle	bourreler		f	s	1.0	96697.5	
103088	bouffera	bouffer				1.0	96697.5	
103100	bougent	bouger				1.0	96697.5	
103103	bougeons	bouger				1.0	96697.5	
103190	embrouillent	embrouiller				1.0	96697.5	
103229	semez	semer				1.0	96697.5	
103244	blaguez	blaguer				1.0	96697.5	
103305	secouez	secouer				1.0	96697.5	
103307	secoues	secouer				1.0	96697.5	
103310	figurez	figurer				1.0	96697.5	
103321	servent	servir				1.0	96697.5	
103326	sert	servir		m	s	1.0	96697.5	
103380	bittons	bitter		m		1.0	96697.5	
103402	fieraient	fier				1.0	96697.5	
103468	boise	boiser				1.0	96697.5	
103475	blâmons	blâmer				1.0	96697.5	
103493	savonne	savonner				1.0	96697.5	
103503	savent	savoir				1.0	96697.5	
103507	sauvent	sauver				1.0	96697.5	
103519	sautant	sauter				1.0	96697.5	
103536	saupoudrent	saupoudrer				1.0	96697.5	
103544	boiter	boiter				1.0	96697.5	
103561	boivent	boire				1.0	96697.5	
103566	sautillons	sautiller		m	p	1.0	96697.5	
103587	scintillent	scintiller				1.0	96697.5	
103589	scintille	scintiller				1.0	96697.5	
103600	bloque	bloquer				1.0	96697.5	
103612	filent	filer				1.0	96697.5	
103640	sauner	sauner				1.0	96697.5	
103676	schtroumpfons	schtroumpfer				1.0	96697.5	
103677	schtroumpfa	schtroumpfer				1.0	96697.5	
103699	embrassons	embrasser				1.0	96697.5	
103823	broute	brouter				1.0	96697.5	
103846	brode	broder				1.0	96697.5	
103847	efforcez	efforcer				1.0	96697.5	
103848	répandez	répandre				1.0	96697.5	
103892	briserai	briser				1.0	96697.5	
103896	réparent	réparer				1.0	96697.5	
103902	focalise	focaliser				1.0	96697.5	
103993	réfléchissez	réfléchir				1.0	96697.5	
104019	effectue	effectuer				1.0	96697.5	
104043	réessaye	réessayer				1.0	96697.5	
104134	fonctionnait	fonctionner				1.0	96697.5	
104150	fonces	foncer				1.0	96697.5	
104154	foncez	foncer				1.0	96697.5	
104211	brûlera	brûler				1.0	96697.5	
104260	brairas	braire				1.0	96697.5	
104264	braillent	brailler				1.0	96697.5	
104267	brade	brader				1.0	96697.5	
104300	rétablissez	rétablir				1.0	96697.5	
104313	branchez	brancher				1.0	96697.5	
104353	bramer	bramer				1.0	96697.5	
104358	embarque	embarquer				1.0	96697.5	
104360	flippe	flipper				1.0	96697.5	
104369	bousculez	bousculer				1.0	96697.5	
104379	flatte	flatter				1.0	96697.5	
104395	boute	bouter				1.0	96697.5	
104409	révère	révérer				1.0	96697.5	
104412	révèlent	révéler				1.0	96697.5	
104413	révèle	révéler				1.0	96697.5	
104416	flasher	flasher				1.0	96697.5	
104442	réussissez	réussir				1.0	96697.5	
104459	réunissons	réunir				1.0	96697.5	
104474	boutonnant	boutonner		m	s	1.0	96697.5	
104480	réveilleras	réveiller				1.0	96697.5	
104503	répudie	répudier				1.0	96697.5	
104520	fluoriser	fluoriser				1.0	96697.5	
104533	répétez	répéter				1.0	96697.5	
104537	brident	brider				1.0	96697.5	
104544	répètes	répéter				1.0	96697.5	
104566	répond	répondre				1.0	96697.5	
104577	répliquant	répliquer				1.0	96697.5	
104593	répondirent	répondre				1.0	96697.5	
104598	réprimant	réprimer		m	s	1.0	96697.5	
104640	flirtez	flirter				1.0	96697.5	
104657	résolvez	résoudre				1.0	96697.5	
104669	emballe	emballer				1.0	96697.5	
104687	flirtant	flirter				1.0	96697.5	
104695	flottent	flotter				1.0	96697.5	
104723	réservez	réserver				1.0	96697.5	
104963	rayes	rayer				1.0	96697.5	
104996	rebaptisant	rebaptiser		m	s	1.0	96697.5	
105018	rayonnent	rayonner				1.0	96697.5	
105022	comprenait	comprendre				1.0	96697.5	
105023	comprend	comprendre				1.0	96697.5	
105024	comprendre	comprendre		m	s	1.0	96697.5	
105060	rapprochez	rapprocher				1.0	96697.5	
105133	rapiéçait	rapiécer				1.0	96697.5	
105134	rapiéçais	rapiécer				1.0	96697.5	
105157	ratatines	ratatiner				1.0	96697.5	
105199	gommez	gommer				1.0	96697.5	
105217	rassurez	rassurer				1.0	96697.5	
105261	rassure	rassurer				1.0	96697.5	
105311	combattons	combattre				1.0	96697.5	
105365	comblant	combler		m	s	1.0	96697.5	
105374	commandez	commander				1.0	96697.5	
105403	reconcentrent	reconcentrer				1.0	96697.5	
105462	recourez	recourir				1.0	96697.5	
105710	commenceront	commencer				1.0	96697.5	
105713	commandons	commander				1.0	96697.5	
105718	commencent	commencer				1.0	96697.5	
105732	commencer	commencer		m	s	1.0	96697.5	
105740	commences	commencer				1.0	96697.5	
105787	commençons	commencer				1.0	96697.5	
105805	rechargez	recharger				1.0	96697.5	
105854	grignote	grignoter				1.0	96697.5	
106003	rabattez	rabattre				1.0	96697.5	
106014	quittez	quitter				1.0	96697.5	
106017	conforte	conforter				1.0	96697.5	
106023	quittant	quitter				1.0	96697.5	
106044	rabaissons	rabaisser				1.0	96697.5	
106073	purifie	purifier				1.0	96697.5	
106094	consent	consentir				1.0	96697.5	
106104	conquiert	conquérir				1.0	96697.5	
106144	pueraient	puer				1.0	96697.5	
106155	publiez	publier				1.0	96697.5	
106156	consiste	consister				1.0	96697.5	
106168	considères	considérer				1.0	96697.5	
106222	pénètre	pénétrer				1.0	96697.5	
106261	grimpa	grimper				1.0	96697.5	
106347	grandissent	grandir				1.0	96697.5	
106361	grandit	grandir				1.0	96697.5	
106449	rajoute	rajouter				1.0	96697.5	
106467	ramènes	ramener				1.0	96697.5	
106479	concentres	concentrer				1.0	96697.5	
106480	concentrez	concentrer				1.0	96697.5	
106508	compute	computer				1.0	96697.5	
106521	rancies	rancir		f	p	1.0	96697.5	
106544	ramenons	ramener				1.0	96697.5	
106588	ramifiant	ramifier		m	s	1.0	96697.5	
106599	conduisons	conduire				1.0	96697.5	
106628	rada	rader				1.0	96697.5	
106678	confirmez	confirmer				1.0	96697.5	
106680	confirmons	confirmer				1.0	96697.5	
106699	gravit	gravir				1.0	96697.5	
106731	désenliser	désenliser				1.0	96697.5	
106777	condamne	condamner				1.0	96697.5	
106854	raffole	raffoler				1.0	96697.5	
106893	rencontrerais	rencontrer				1.0	96697.5	
106895	choit	choir				1.0	96697.5	
106896	rencontrerai	rencontrer				1.0	96697.5	
106926	fuyons	fuir				1.0	96697.5	
106934	remporte	remporter				1.0	96697.5	
107062	rendors	rendormir				1.0	96697.5	
107070	rendons	rendre				1.0	96697.5	
107075	rende	rendre				1.0	96697.5	
107081	rencontrons	rencontrer				1.0	96697.5	
107088	rendrai	rendre				1.0	96697.5	
107138	rembourserait	rembourser				1.0	96697.5	
107140	rembourserai	rembourser				1.0	96697.5	
107144	rembourse	rembourser				1.0	96697.5	
107155	châtie	châtier				1.0	96697.5	
107156	détachez	détacher				1.0	96697.5	
107172	chérir	chérir				1.0	96697.5	
107178	chérissez	chérir				1.0	96697.5	
107209	remarquez	remarquer				1.0	96697.5	
107232	cille	ciller				1.0	96697.5	
107272	remotivant	remotiver		m	s	1.0	96697.5	
107281	chuchotait	chuchoter				1.0	96697.5	
107316	remplacent	remplacer				1.0	96697.5	
107318	chuchotent	chuchoter				1.0	96697.5	
107362	remontez	remonter				1.0	96697.5	
107365	churent	choir				1.0	96697.5	
107366	chus	choir				1.0	96697.5	
107371	remontent	remonter				1.0	96697.5	
107384	renifles	renifler				1.0	96697.5	
107406	charger	charger				1.0	96697.5	
107415	replante	replanter				1.0	96697.5	
107453	repentez	repentir				1.0	96697.5	
107472	rependre	rependre				1.0	96697.5	
107478	détestons	détester				1.0	96697.5	
107510	chargez	charger				1.0	96697.5	
107514	charrient	charrier				1.0	96697.5	
107525	chantaient	chanter				1.0	96697.5	
107529	chanterez	chanter				1.0	96697.5	
107536	chantonnez	chantonner				1.0	96697.5	
107567	reprenons	reprendre				1.0	96697.5	
107569	reprennent	reprendre				1.0	96697.5	
107611	reposent	reposer				1.0	96697.5	
107621	reposons	reposer				1.0	96697.5	
107692	fuit	fuir				1.0	96697.5	
107694	cherchant	chercher				1.0	96697.5	
107698	chercheraient	chercher				1.0	96697.5	
107746	renseigne	renseigner				1.0	96697.5	
107747	chiale	chialer				1.0	96697.5	
107752	fument	fumer				1.0	96697.5	
107767	renoue	renouer				1.0	96697.5	
107781	chatouillant	chatouiller		m	s	1.0	96697.5	
107805	repart	repartir				1.0	96697.5	
107808	repasserai	repasser				1.0	96697.5	
107818	détestez	détester				1.0	96697.5	
107835	chassent	chasser				1.0	96697.5	
107858	renvoies	renvoyer				1.0	96697.5	
107869	chemine	cheminer				1.0	96697.5	
107941	redécoupe	redécouper		f	s	1.0	96697.5	
107986	redonnes	redonner				1.0	96697.5	
107994	redonne	redonner				1.0	96697.5	
107999	redivise	rediviser		f	s	1.0	96697.5	
108048	garda	garder				1.0	96697.5	
108059	gardent	garder				1.0	96697.5	
108096	garantissez	garantir				1.0	96697.5	
108113	refais	refaire				1.0	96697.5	
108158	referme	refermer				1.0	96697.5	
108173	recueille	recueillir				1.0	96697.5	
108212	recules	reculer				1.0	96697.5	
108215	désires	désirer				1.0	96697.5	
108224	coince	coincer				1.0	96697.5	
108227	recueillit	recueillir				1.0	96697.5	
108251	recrache	recracher				1.0	96697.5	
108268	gausse	gausser				1.0	96697.5	
108281	gazouillent	gazouiller				1.0	96697.5	
108293	gazouillez	gazouiller				1.0	96697.5	
108342	redistribue	redistribuer				1.0	96697.5	
108356	codirigeait	codiriger				1.0	96697.5	
108374	cognez	cogner				1.0	96697.5	
108449	relevons	relever				1.0	96697.5	
108455	relaxez	relaxer				1.0	96697.5	
108470	gagnes	gagner				1.0	96697.5	
108475	relis	relire				1.0	96697.5	
108486	cites	citer				1.0	96697.5	
108492	relie	relier				1.0	96697.5	
108595	circule	circuler				1.0	96697.5	
108606	remariez	remarier				1.0	96697.5	
108608	fêtez	fêter				1.0	96697.5	
108613	fêtons	fêter				1.0	96697.5	
108632	relègue	reléguer				1.0	96697.5	
108667	circules	circuler				1.0	96697.5	
108680	relâchant	relâcher		m	s	1.0	96697.5	
108732	regardent	regarder				1.0	96697.5	
108742	regarda	regarder				1.0	96697.5	
108754	regagne	regagner				1.0	96697.5	
108776	refoulant	refouler		m	s	1.0	96697.5	
108790	clouent	clouer				1.0	96697.5	
108801	gangrénait	gangréner				1.0	96697.5	
108807	gangréner	gangréner				1.0	96697.5	
108822	ganter	ganter				1.0	96697.5	
108837	regroupez	regrouper				1.0	96697.5	
108885	rejetez	rejeter				1.0	96697.5	
108917	regardons	regarder				1.0	96697.5	
108922	cliquer	cliquer		m	s	1.0	96697.5	
108927	gambadent	gambader				1.0	96697.5	
108929	clavardais	clavarder				1.0	96697.5	
108931	clavardez	clavarder				1.0	96697.5	
108932	clave	claver		m	s	1.0	96697.5	
108938	cligne	cligner				1.0	96697.5	
108942	regrette	regretter				1.0	96697.5	
