	lemme	case	nb	graphie
49	abandonner	ii3P	2	abandonnaient-abandonné
50	abandonner	ii3S	2	abandonnait-abandonné
53	abandonner	pI2P	2	abandonner-abandonnez
63	abandonner	pi2P	2	abandonner-abandonnez
112	abattre	pi2P	2	abattez-abattre
254	aborder	ii3P	2	abordaient-abordé
332	aboyer	pi2P	2	aboyer-aboyez
499	absorber	ii3P	2	absorbaient-absorbé
531	absoudre	pi2P	2	absolvez-absoudre
594	abuser	ii3P	2	abusaient-abusé
595	abuser	ii3S	2	abusait-abusé
608	abuser	pi2P	2	abuser-abusez
664	accabler	ii3P	2	accablaient-accablé
690	accaparer	ii3S	2	accaparait-accaparé
720	accentuer	pi2P	2	accentuer-accentuez
742	accepter	ii3P	3	acceptaient-accepté-acceptées
743	accepter	ii3S	2	acceptait-accepté
747	accepter	pI2P	2	accepter-acceptez
757	accepter	pi2P	2	accepter-acceptez
923	accomplir	ii3S	2	accomplir-accomplissait
965	accorder	ii3S	2	accordait-accordé
976	accorder	pi1P	2	accordes-accordons
981	accorder	pi3S	2	accorde-accordé
1085	accoupler	pi2P	2	accoupler-accouplez
1163	accrocher	ii3P	2	accrochaient-accrochés
1167	accrocher	pI2P	2	accrocher-accrochez
1177	accrocher	pi2P	2	accrocher-accrochez
1350	accuser	ii3P	2	accusaient-accusé
1355	accuser	pI2P	2	accuser-accusez
1364	accuser	pi1S	2	accuse-accusé
1365	accuser	pi2P	2	accuser-accusez
1520	acheter	ii3P	2	achetaient-acheté
1521	acheter	ii3S	5	achetait-acheter-acheté-achetées-achetés
1525	acheter	pI2P	2	acheter-achetez
1535	acheter	pi2P	2	acheter-achetez
1573	achever	pi2P	2	achever-achevez
1592	acoquiner	ii3S	2	acoquinait-acoquiné
1797	adapter	pI2P	2	adapter-adaptez
1806	adapter	pi2P	2	adapter-adaptez
1923	admettre	pi2P	2	admettez-admettre
2019	adonner	ii3P	2	adonnaient-adonné
2020	adonner	ii3S	2	adonnait-adonné
2049	adopter	ii3P	2	adoptaient-adopté
2085	adorer	ii3P	2	adoraient-adoré
2100	adorer	pi2P	2	adorer-adorez
2198	adresser	pi2P	2	adresser-adressez
2219	aduler	pi2P	2	aduler-adulez
2383	affecter	ii3P	2	affectaient-affecté
2395	affecter	pi2P	2	affecter-affectez
2512	affirmer	ii3P	2	affirmaient-affirmé
2516	affirmer	pI2P	2	affirmer-affirmez
2525	affirmer	pi2P	2	affirmer-affirmez
2728	agacer	ii3S	2	agacé-agaçait
2737	agacer	pi2P	2	agacer-agacez
2783	agenouiller	pi2P	2	agenouilles-agenouillez
2905	agiter	pi2P	2	agiter-agitez
3007	agresser	ii3P	2	agressaient-agressé
3008	agresser	ii3S	3	agressait-agresser-agressé
3017	agresser	pi2P	2	agresser-agressez
3133	aider	ii3P	3	aidaient-aidé-aidés
3134	aider	ii3S	4	aidait-aidé-aidée-aidés
3145	aider	pi1P	2	aides-aidons
3155	aider	ps1P	2	aides-aidions
3196	aiguillonner	ii3S	2	aiguillonnait-aiguillonné
3272	aimer	ii3P	3	aimaient-aimé-aimée
3273	aimer	ii3S	3	aimait-aimé-aimée
3274	aimer	inf	2	aimer-aimes
3282	aimer	pc2P	2	aimerais-aimeriez
3288	aimer	pi2P	2	aimes-aimez
3347	ajouter	ii3P	3	ajoutaient-ajouté-ajoutés
3348	ajouter	ii3S	2	ajoutait-ajouté
3426	alarmer	pi2P	2	alarmer-alarmez
3469	alerter	pi2P	2	alerter-alertez
3488	aligner	ii3P	2	alignaient-alignée
3499	aligner	pi2P	2	aligner-alignez
3518	alimenter	ii3P	2	alimentaient-alimentés
3599	aller	ii3P	4	allaient-allé-allée-allés
3600	aller	ii3S	4	allait-allé-allée-allés
3601	aller	inf	5	aller-allez-allons-vais-vas
3608	aller	pI2S	2	va-vas
3719	allumer	ii3P	2	allumaient-allumé
3720	allumer	ii3S	2	allumait-allumé
3732	allumer	pi2P	2	allumer-allumez
3840	alterner	pi2P	2	alterner-alternez
3852	altérer	ii3P	2	altéraient-altéré
4033	amener	ii3P	2	amenaient-amené
4034	amener	ii3S	3	amenait-amené-amenés
4046	amener	pi1P	2	amenons-amènes
4320	amuser	ii3S	2	amusait-amusés
4360	améliorer	ii3P	2	amélioraient-amélioré
4361	améliorer	ii3S	2	améliorait-amélioré
4374	améliorer	pi2P	2	améliorer-améliorez
4611	annihiler	pi2P	2	annihiler-annihilez
4634	annoncer	ii3P	2	annoncé-annonçaient
4635	annoncer	ii3S	2	annoncé-annonçait
4648	annoncer	pi2P	2	annoncer-annoncez
4688	annuler	ii3P	2	annulaient-annulé
4689	annuler	ii3S	3	annulait-annuler-annulée
4848	apaiser	pi2P	2	apaiser-apaisez
4926	apitoyer	pi2P	2	apitoyer-apitoyez
5148	appeler	ii3P	4	appelaient-appelé-appelée-appelés
5149	appeler	ii3S	3	appelait-appelé-appelée
5161	appeler	pi1P	3	appellent-appelles-appelons
5163	appeler	pi2P	2	appelez-appelles
5243	appliquer	ii3P	2	appliquaient-appliqué
5256	appliquer	pi2P	2	appliquer-appliquez
5290	apporter	ii3P	4	apportaient-apporté-apportée-apportés
5291	apporter	ii3S	2	apportait-apporté
5295	apporter	pI2S	2	apporte-apporté
5302	apporter	pi1P	2	apportes-apportons
5359	apprendre	pI2P	2	apprendre-apprenez
5369	apprendre	pi2P	2	apprendre-apprenez
5421	approcher	ii3P	2	approchaient-approché
5422	approcher	ii3S	2	approchait-approché
5489	approprier	pi2P	2	approprier-appropriez
5572	apprécier	ii3P	2	appréciaient-apprécié
5587	apprécier	pi2P	2	apprécier-appréciez
5673	appuyer	ii3P	2	appuyaient-appuyé
5686	appuyer	pi2P	2	appuyer-appuyez
5703	appâter	ii3P	2	appâtaient-appâtés
5893	armer	pi2P	2	armer-armez
5928	arnaquer	pi2P	2	arnaquer-arnaquez
6001	arracher	ii3P	2	arrachaient-arraché
6046	arranger	ii3S	2	arrangeait-arrangé
6105	arriver	ii3P	3	arrivaient-arrivé-arrivés
6106	arriver	ii3S	3	arrivait-arrivé-arrivés
6111	arriver	pI2S	2	arrive-arrivé
6119	arriver	pi1S	2	arrive-arrivé
6225	arrêter	ii3P	2	arrêtaient-arrêté
6226	arrêter	ii3S	4	arrêtait-arrêté-arrêtées-arrêtés
6294	asperger	ii3S	2	aspergeait-aspergés
6297	asperger	pI2P	2	asperger-aspergez
6323	asphyxier	ii3S	2	asphyxiait-asphyxié
6350	aspirer	ii3S	3	aspirait-aspirer-aspiré
6452	assassiner	ii3P	2	assassinaient-assassiné
6457	assassiner	pI2S	2	assassine-assassiné
6521	asseoir	fi1P	2	assiérons-assoirons
6522	asseoir	fi1S	2	assiérai-assoirai
6523	asseoir	fi2P	2	assiérez-assoirez
6524	asseoir	fi2S	2	assiéras-assoiras
6525	asseoir	fi3P	2	assiéront-assoiront
6526	asseoir	fi3S	2	assiéra-assoira
6528	asseoir	ii1S	2	asseyais-assoyais
6529	asseoir	ii2P	2	asseyiez-assoyiez
6530	asseoir	ii2S	2	asseyais-assoyais
6531	asseoir	ii3P	2	asseyaient-assoyaient
6532	asseoir	ii3S	2	asseyait-assoyait
6537	asseoir	pI1P	2	asseyons-assoyons
6538	asseoir	pI2P	2	asseyez-assoyez
6539	asseoir	pI2S	2	assieds-assois
6540	asseoir	pc1P	2	assiérions-assoirions
6541	asseoir	pc1S	2	assiérais-assoirais
6542	asseoir	pc2P	2	assiériez-assoiriez
6543	asseoir	pc2S	2	assiérais-assoirais
6544	asseoir	pc3P	2	assiéraient-assoiraient
6545	asseoir	pc3S	2	assiérait-assoirait
6547	asseoir	pi1S	2	assieds-assois
6548	asseoir	pi2P	2	asseyez-assoyez
6549	asseoir	pi2S	2	assieds-assois
6550	asseoir	pi3P	2	asseyent-assoient
6551	asseoir	pi3S	2	assied-assoit
6556	asseoir	ps1S	2	asseye-assoie
6557	asseoir	ps2S	2	asseyes-assoies
6558	asseoir	ps3S	2	asseye-assoie
6604	assigner	ii3P	2	assignaient-assigné
6669	assister	ii3S	2	assistait-assisté
6737	associer	pi2P	2	associer-associez
6792	assommer	ii3P	2	assommaient-assommé
6793	assommer	ii3S	2	assommait-assommé
6805	assommer	pi2P	2	assommer-assommez
6974	assurer	ii3P	2	assuraient-assurés
6978	assurer	pI2P	2	assurer-assurez
6987	assurer	pi2P	2	assurer-assurez
7150	attacher	ii3P	4	attachaient-attaché-attachée-attachés
7151	attacher	ii3S	2	attachait-attaché
7189	attaquer	ii3P	3	attaquaient-attaqué-attaqués
7190	attaquer	ii3S	2	attaquait-attaqué
7269	atteindre	pi2P	2	atteignez-atteindre
7291	atteler	ii3S	2	attelait-attelé
7324	attendre	inf	3	attend-attendre-attends
7501	attirer	ii3P	3	attiraient-attiré-attirés
7502	attirer	ii3S	2	attirait-attiré
7516	attirer	pi2P	2	attirer-attirez
7575	attraper	ii3P	3	attrapaient-attrapé-attrapés
7576	attraper	ii3S	3	attrapait-attraper-attrapé
7579	attraper	pI2P	2	attraper-attrapez
7589	attraper	pi2P	2	attraper-attrapez
7625	attribuer	pi2P	2	attribuer-attribuez
7753	augmenter	pi2P	2	augmenter-augmentez
7926	autoriser	ii3S	2	autorisait-autorisé
7975	avaler	ii3P	2	avalaient-avalé
7976	avaler	ii3S	2	avalait-avalé
8023	avancer	ii3P	2	avancé-avançaient
8024	avancer	ii3S	2	avancé-avançait
8099	aventurer	pi2P	2	aventurer-aventurez
8156	aveugler	pI2P	2	aveugler-aveuglez
8258	avoir	ii2P	3	avais-aviez-avions
8264	avoir	is1S	3	as-eusse-eussé
8269	avoir	pI1P	2	avons-ayons
8270	avoir	pI2P	2	avez-ayez
8278	avoir	pi1P	2	as-avons
8279	avoir	pi1S	2	ai-aise
8280	avoir	pi2P	2	as-avez
8283	avoir	pi3S	3	a-on-s
8287	avoir	ppMS	2	a-eu
8342	avouer	ii3P	2	avouaient-avoué
8343	avouer	ii3S	2	avouait-avoué
8346	avouer	pI2P	2	avouer-avouez
8355	avouer	pi2P	2	avouer-avouez
8432	aérer	pi2P	2	aérer-aérez
8625	baigner	pi2P	2	baigner-baignez
8663	baiser	ii3P	2	baisaient-baisé
8664	baiser	ii3S	3	baisait-baiser-baisé
8667	baiser	pI2P	2	baiser-baisez
8676	baiser	pi2P	2	baiser-baisez
8692	baisser	fi2P	2	baisser-baisserez
8700	baisser	ii3P	2	baissaient-baissé
8701	baisser	ii3S	2	baissait-baissée
8704	baisser	pI2P	2	baisser-baissez
8714	baisser	pi2P	2	baisser-baissez
8785	balancer	ii3S	2	balancé-balançait
8789	balancer	pI2P	2	balancer-balancez
8798	balancer	pi2P	2	balancer-balancez
8812	balayer	fi1P	2	balaierons-balayerons
8813	balayer	fi1S	2	balaierai-balayerai
8814	balayer	fi2P	2	balaierez-balayerez
8816	balayer	fi3P	2	balaieront-balayeront
8817	balayer	fi3S	2	balaiera-balayera
8827	balayer	pI2S	2	balaie-balaye
8829	balayer	pc1S	2	balaierais-balayerais
8831	balayer	pc3S	2	balaierait-balayerait
8833	balayer	pi1S	2	balaie-balaye
8835	balayer	pi2S	2	balaies-balayes
8836	balayer	pi3P	2	balaient-balayent
8837	balayer	pi3S	2	balaie-balaye
8982	bander	pi2P	2	bander-bandez
9061	baptiser	pi2P	2	baptiser-baptisez
9217	barrer	pi2P	3	barrer-barres-barrez
9242	barricader	pi2P	2	barricader-barricadez
9245	barricader	pi3S	2	barricade-barricadé
9303	baser	ii3S	2	basait-basée
9313	baser	pi2P	2	baser-basez
9502	baver	pi2P	2	baver-bavez
9518	bayer	pI2S	2	baie-baye
9521	bayer	pi3S	2	baie-baye
9581	bercer	ii3S	2	bercé-berçait
9590	bercer	pi2P	2	bercer-bercez
9841	biper	ii3P	2	bipaient-bipés
9842	biper	ii3S	2	bipait-bipé
10077	blesser	ii3P	2	blessaient-blessé
10078	blesser	ii3S	3	blessait-blessé-blessée
10156	bloquer	ii3P	4	bloquaient-bloqué-bloquée-bloqués
10160	bloquer	pI2P	2	bloquer-bloquez
10333	boire	pi3S	2	boit-bue
10339	boire	ps3S	2	boive-bue
10518	border	ii3P	2	bordaient-bordée
10583	bosser	ii3S	2	bossait-bossé
10620	botter	ii3P	2	bottaient-bottés
10621	botter	ii3S	2	bottait-botté
10703	boucler	pI2P	2	boucler-bouclez
10779	bouffer	pi2P	2	bouffer-bouffez
10782	bouffer	pi3S	2	bouffe-bouffé
10811	bouger	pI2P	3	bouger-bougez-bougiez
10821	bouger	pi2P	3	bouger-bougez-bougiez
10855	bouillir	pi1S	2	bouille-bous
10858	bouillir	pi3S	2	bouille-bout
10913	bouleverser	pi2P	2	bouleverser-bouleversez
11127	boutonner	ii3P	2	boutonnaient-boutonné
11286	brancher	ii3P	3	branchaient-branché-branchés
11297	brancher	pi2P	2	brancher-branchez
11347	branler	ii3P	2	branlaient-branlé
11348	branler	ii3S	2	branlait-branlé
11358	branler	pi2P	2	branler-branlez
11464	brayer	pi2S	2	braies-brayes
11700	briser	ii3P	2	brisaient-brisé
11701	briser	ii3S	2	brisait-brisé
11704	briser	pI2P	2	briser-brisez
11714	briser	pi2P	2	briser-brisez
11787	bronzer	ii3S	2	bronzait-bronzé
11819	brosser	pi2P	2	brosser-brossez
11997	brûler	ii3P	2	brûlaient-brûlé
11998	brûler	ii3S	2	brûlait-brûlé
12079	buter	pi2P	2	buter-butez
12138	bâcler	ii3S	2	bâclait-bâclé
12306	bégayer	pI2S	2	bégaie-bégaye
12307	bégayer	pi1S	2	bégaie-bégaye
12309	bégayer	pi2S	2	bégaies-bégayes
12310	bégayer	pi3P	2	bégaient-bégayent
12311	bégayer	pi3S	2	bégaie-bégaye
12372	bénéficier	pi2P	2	bénéficier-bénéficiez
12515	cacher	ii3P	2	cachaient-caché
12516	cacher	ii3S	2	cachait-cachés
12584	cadrer	pI2S	2	cadre-cadré
12694	cajoler	pi2P	2	cajoler-cajolez
12745	calculer	pI2P	2	calculer-calculez
12751	calculer	pi2P	2	calculer-calculez
12939	cambrioler	ii3P	2	cambriolaient-cambriolé
13020	camper	ii3S	2	campait-camper
13071	canarder	ii3S	2	canardait-canarder
13260	capter	ii3P	2	captaient-capté
13261	capter	ii3S	2	captait-capté
13319	capturer	ii3P	3	capturaient-capturé-capturés
13324	capturer	pI2S	2	capture-capturé
13471	caresser	ii3S	2	caressait-caressé
13569	carter	pI2P	2	carter-cartez
13686	casser	ii3S	2	cassait-casser
13700	casser	pi2P	2	casser-cassez
13760	cataloguer	pi2P	2	cataloguer-cataloguez
13858	causer	ii3P	2	causaient-causé
13859	causer	ii3S	2	causait-causé
13872	causer	pi2P	2	causer-causez
13887	cautionner	ii3P	2	cautionnaient-cautionnés
13888	cautionner	ii3S	2	cautionnait-cautionné
14012	censurer	ii3P	2	censuraient-censuré
14016	censurer	pI2S	2	censure-censuré
14020	censurer	pi2P	2	censurer-censurez
14023	censurer	pi3S	2	censure-censuré
14153	cesser	ii3P	2	cessaient-cessé
14154	cesser	ii3S	2	cessait-cessé
14167	cesser	pi2P	2	cesser-cessez
14257	chambarder	pi2P	2	chambarder-chambardez
14277	chambouler	pi2P	2	chambouler-chamboulez
14339	changer	ii3P	4	changeaient-changé-changée-changés
14340	changer	ii3S	2	changeait-changé
14356	changer	pi3S	2	change-tue
14383	chanter	ii3S	3	chantait-chanter-chanté
14396	chanter	pi2P	2	chanter-chantez
14526	charger	ii3P	2	chargeaient-chargé
14531	charger	pI2P	2	charger-chargez
14540	charger	pi2P	2	charger-chargez
14621	chasser	ii3P	2	chassaient-chassé
14622	chasser	ii3S	2	chassait-émuler
14625	chasser	pI2P	2	chasser-chassez
14635	chasser	pi2P	2	chasser-chassez
14670	chatouiller	pi2P	2	chatouiller-chatouillez
14721	chauffer	pi2P	2	chauffer-chauffez
14806	chemiser	pi1S	2	chemise-chemisé
14827	chercher	ii3P	2	cherchaient-cherché
14828	chercher	ii3S	2	cherchait-cherché
14977	chier	ii3P	2	chiaient-chié
15017	chiffrer	ii3P	2	chiffraient-chiffrés
15360	choyer	pi2P	2	choyer-choyez
15430	chuchoter	pi2P	2	chuchoter-chuchotez
15451	chuter	ii3P	2	chutaient-chuté
15461	chuter	pi2P	2	chuter-chutez
15789	citer	ii3S	2	citait-cité
15971	clarifier	pi2P	2	clarifier-clarifiez
16169	cloner	ii3P	2	clonaient-cloné
16238	clouer	ii3S	2	clouait-cloué
16241	clouer	pI2P	2	clouer-clouez
16249	clouer	pi2P	2	clouer-clouez
16526	cogner	ii3S	2	cognait-cogné
16538	cogner	pi2P	2	cogner-cognez
16612	coincer	ii3P	3	coincée-coincés-coinçaient
16613	coincer	ii3S	2	coincé-coinçait
16625	coincer	pi2P	2	coincer-coincez
16647	collaborer	ii3P	2	collaboraient-collaborée
16689	collecter	ii3S	2	collectait-collectées
16752	coller	ii3P	2	collaient-collée
16753	coller	ii3S	2	collait-collé
16768	coller	pi3S	2	colle-collé
16835	colorer	pI2P	2	colorer-colorez
16878	colporter	ii3S	2	colportait-colporté
16941	combattre	pi2P	2	combattez-combattre
17006	combler	pi2P	2	combler-comblez
17028	commander	ii3P	3	commandaient-commandé-commandés
17029	commander	ii3S	2	commandait-commandé
17085	commencer	ii3P	3	commencé-commencés-commençaient
17086	commencer	ii3S	2	commencé-commençait
17090	commencer	pI2P	2	commencer-commencez
17100	commencer	pi2P	2	commencer-commencez
17217	commettre	pi2P	2	commettez-commettre
17283	communiquer	ii3S	2	communiquait-communiqué
17390	comparer	ii3P	2	comparaient-comparé
17395	comparer	pI2S	2	compare-comparé
17404	comparer	pi2P	2	comparer-comparez
17502	compiler	ii3S	2	compilait-compilé
17529	complaire	pi2P	2	complaire-complaisez
17581	compliquer	ii3S	2	compliquait-compliqué
17592	compliquer	pi2P	2	compliquer-compliquez
17647	compléter	inf	2	compléter-complété
17658	compléter	pi2P	2	compléter-complétez
17680	comporter	ii3P	2	comportaient-comportés
17681	comporter	ii3S	2	comportait-comportés
17693	comporter	pi2P	2	comporter-comportez
17716	composer	ii3P	2	composaient-composé
17720	composer	pI2P	2	composer-composez
17764	comprendre	ii3S	2	comprenait-comprendre
17768	comprendre	pI2P	2	comprendre-comprenez
17778	comprendre	pi2P	2	comprendre-comprenez
17857	compromettre	pi2P	2	compromettez-compromettre
17899	compter	ii3P	2	comptaient-compté
17905	compter	pI2S	2	compte-compté
17962	concentrer	ii3S	2	concentrait-concentré
18277	condamner	ii3P	2	condamnaient-condamné
18292	condamner	pi2P	2	condamner-condamnez
18543	confirmer	ii3P	2	confirmaient-confirmé
18577	confisquer	ii3P	2	confisquaient-confisqué
18578	confisquer	ii3S	2	confisquait-confisqué
18626	confondre	pi2P	2	confondez-confondre
18654	conformer	pi2P	2	conformer-conformez
18695	confronter	pI2P	2	confronter-confrontez
18705	confronter	pi2P	2	confronter-confrontez
18812	congédier	pi2P	2	congédier-congédiez
18833	conjoindre	pi3S	2	conjoint-conjointe
18887	connaître	ii2P	2	connaissais-connaissiez
18930	connecter	ii3P	2	connectaient-connectés
18941	connecter	pi2P	2	connecter-connectez
19017	consacrer	pi2P	2	consacrer-consacrez
19117	conserver	ii3P	2	conservaient-conservé
19155	considérer	ii3S	2	considérait-considérés
19158	considérer	pI2P	2	considérer-considérez
19168	considérer	pi2P	2	considérer-considérez
19240	consoler	pi2P	2	consoler-consolez
19314	conspirer	ii3P	2	conspiraient-conspiré
19419	constituer	pi2P	2	constituer-constituez
19443	construire	ii3S	2	construire-construisait
19446	construire	pI2P	2	construire-construisez
19454	construire	pi1P	2	construisons-construit
19456	construire	pi2P	2	construire-construisez
19485	consulter	pI2P	2	consulter-consultez
19494	consulter	pi2P	2	consulter-consultez
19543	contacter	ii3S	2	contactait-contacté
19677	contenter	ii3P	2	contentaient-contenté
19681	contenter	pI2P	2	contenter-contentez
19691	contenter	pi2P	2	contenter-contentez
19782	continuer	ii3P	2	continuaient-continué
19783	continuer	ii3S	3	continuait-continuer-continué
19796	continuer	pi1S	2	continue-continué
19797	continuer	pi2P	2	continuer-continuez
19854	contracter	ii3P	2	contractaient-contracté
19893	contraindre	pi2P	2	contraignez-contraindre
20031	contredire	pi2P	2	contredire-contredisez
20104	contrer	pi3S	2	contre-contre-intuitif
20161	contribuer	pi2P	2	contribuer-contribuez
20188	contrôler	ii3S	2	contrôlait-contrôlé
20192	contrôler	pI2P	2	contrôler-contrôlez
20202	contrôler	pi2P	2	contrôler-contrôlez
20382	convier	pi2P	2	convier-conviez
20526	coopérer	pi2P	2	coopérer-coopérez
20544	coordonner	ii3P	2	coordonnaient-coordonnées
20584	copier	pi3S	2	copie-copié
20731	corriger	pI2P	2	corriger-corrigez
20899	cotiser	ii3S	2	cotisait-cotisés
20932	coucher	ii3P	2	couchaient-couché
20949	coucher	pi3S	2	couche-tue
20992	coudre	pi2P	2	coudre-cousez
21042	couler	ii3P	2	coulaient-coulé
21057	couler	pi2P	2	couler-coulez
21091	couper	ii3P	2	coupaient-coupé
21096	couper	pI2S	2	coupe-coupé
21189	courir	ii3S	2	courait-courir
21233	couronner	pi2P	2	couronner-couronnez
21317	courtiser	pi2P	2	courtiser-courtisez
21385	couvrir	pi1P	2	couvres-couvrons
21434	coûter	ii3P	2	coûtaient-coûté
21435	coûter	ii3S	2	coûtait-coûté
21445	coûter	pi2P	2	coûter-coûtez
21472	cracher	pI2P	2	cracher-crachez
21631	craquer	ii3P	2	craquaient-craqué
21632	craquer	ii3S	3	craquait-craquer-craqué
21729	creuser	ii3P	2	creusaient-creusé
21771	crever	ii3P	2	crevaient-crevé
21806	cribler	pI2P	2	cribler-criblez
21836	crier	ii3S	2	criait-crié
21848	crier	pi2P	2	crier-criez
21989	crocheter	ii3S	2	crochetait-crocheté
22061	croiser	ii3P	2	croisaient-croisés
22335	créer	ii3P	4	créaient-créé-créée-créées
22336	créer	ii3S	4	créait-créé-créée-créés
22350	créer	pi2P	2	créer-créez
22393	crêper	pi2P	2	crêper-crêpez
22457	cuire	ii3S	2	cuire-cuisait
22466	cuire	pi2P	2	cuire-cuisez
22487	cuisiner	ii3S	2	cuisinait-cuisiné
22490	cuisiner	pI2P	2	cuisiner-cuisinez
22556	culer	pi3S	2	culasse-cule
22599	culpabiliser	pi2P	2	culpabiliser-culpabilisez
22668	curer	ii3S	2	curait-curés
22831	célébrer	ii3P	2	célébraient-célébré
22956	damner	pI2S	2	damne-damné
23042	dater	ii3P	2	dataient-datée
23043	dater	ii3S	3	datait-datée-datés
23114	demander	ii3P	3	demandaient-demandé-demandés
23115	demander	ii3S	2	demandait-demandé
23128	demander	pi1S	2	demande-demandé
23222	descendre	pI2P	2	descendez-descendre
23232	descendre	pi2P	2	descendez-descendre
23310	desserrer	pi2P	2	desserrer-desserrez
23372	dessiner	pi1P	2	dessines-dessinons
23622	devoir	ii2P	2	deviez-devions
23625	devoir	ii3S	2	devait-devoir
23626	devoir	inf	3	devoir-devrais-dois
23638	devoir	pc2P	2	devrais-devriez
23679	diagnostiquer	ii3P	2	diagnostiquaient-diagnostiqués
23802	diffuser	ii3P	2	diffusaient-diffusé
24051	dire	fi3P	2	diront-dit
24102	diriger	ii3P	3	dirigeaient-dirigé-dirigés
24206	discréditer	ii3P	2	discréditaient-discrédité
24243	disculper	pi2P	2	disculper-disculpez
24273	discuter	ii3S	2	discutait-discuté
24287	discuter	pi2P	2	discuter-discutez
24360	disparaître	ii3S	2	disparaissait-disparaître
24423	dispenser	pi2P	2	dispenser-dispensez
24442	disperser	ii3P	2	dispersaient-dispersé
24485	disposer	pi1S	2	dispose-disposé
24486	disposer	pi2P	2	disposer-disposez
24514	disputer	ii3P	2	disputaient-disputés
24664	dissoudre	pi2P	2	dissolvez-dissoudre
24695	dissuader	pi2P	2	dissuader-dissuadez
24890	distribuer	ii3P	2	distribuaient-distribué
24918	divaguer	ii3P	2	divaguaient-divagué
25016	diviser	pI2P	2	diviser-divisez
25062	divorcer	pi2P	2	divorcer-divorcez
25257	donner	ii3P	3	donnaient-donné-donnée
25258	donner	ii3S	4	donnait-donné-donnée-donnés
25264	donner	pI2S	2	donne-donné
25271	donner	pi1P	3	donnent-donnes-donnons
25319	dorer	pi2P	2	dorer-dorez
25484	doucher	pi2P	2	doucher-douchez
25495	douer	ii3P	2	doué-douée
25562	draguer	ii3P	3	draguaient-dragué-draguée
25601	drainer	pi2P	2	drainer-drainez
25634	draper	ii3S	2	drapait-drapé
25732	droguer	ii3P	2	droguaient-drogué
25743	droguer	pi2P	2	droguer-droguez
25776	duper	ii3S	2	dupait-dupé
25788	duper	pi2P	2	duper-dupez
26025	débarquer	ii3P	2	débarquaient-débarqué
26039	débarquer	pi2P	2	débarquer-débarquez
26061	débarrasser	ii3P	2	débarrassaient-débarrassé
26119	débattre	pi2P	2	débattez-débattre
26137	débaucher	pI2P	2	débaucher-débauchez
26197	débiter	ii3P	2	débitaient-débité
26229	déblayer	fi1P	2	déblaierons-déblayerons
26231	déblayer	fi3S	2	déblaiera-déblayera
26239	déblayer	pI2S	2	déblaie-déblaye
26241	déblayer	pi1S	2	déblaie-déblaye
26243	déblayer	pi2S	2	déblaies-déblayes
26245	déblayer	pi3S	2	déblaie-déblaye
26478	déboutonner	pI2P	2	déboutonner-déboutonnez
26530	débrancher	pi2P	2	débrancher-débranchez
26542	débrayer	pI2S	2	débraie-débraye
26641	débusquer	pi2P	2	débusquer-débusquez
26661	débuter	ii3P	2	débutaient-débuté
26822	décapiter	ii3S	2	décapitait-décapité
26832	décapiter	pi2P	2	décapiter-décapitez
27004	décharger	ii3S	2	déchargeait-déchargé
27007	décharger	pI2P	2	décharger-déchargez
27066	déchaîner	pi2P	2	déchaîner-déchaînez
27085	déchiffrer	ii3S	3	déchiffrait-déchiffrer-déchiffré
27111	déchiqueter	ii3S	2	déchiquetait-déchiqueter
27141	déchirer	ii3S	2	déchirait-déchiré
27145	déchirer	pI2S	2	déchire-déchiré
27188	décider	ii3P	2	décidaient-décidé
27189	décider	ii3S	2	décidait-décidé
27203	décider	pi2P	2	décider-décidez
27236	décimer	pi2P	2	décimer-décimez
27276	déclarer	ii3P	4	déclaraient-déclaré-déclarée-déclarés
27277	déclarer	ii3S	2	déclarait-déclaré
27289	déclarer	pi2P	2	déclarer-déclarez
27331	déclencher	ii3P	2	déclenchaient-déclenché
27332	déclencher	ii3S	2	déclenchait-déclenché
27419	décoder	pI2P	2	décoder-décodez
27483	décoller	ii3S	2	décollait-décollé
27601	décompresser	pI2P	2	décompresser-décompressez
27657	déconcerter	ii3S	2	déconcertait-déconcerté
27707	déconnecter	ii3P	2	déconnectaient-déconnectée
27711	déconnecter	pI2P	2	déconnecter-déconnectez
27850	décorer	ii3S	2	décorait-décoré
27950	découper	ii3S	2	découpait-découpé
28098	décrire	pI2P	2	décrire-décrivez
28108	décrire	pi2P	2	décrire-décrivez
28142	décrocher	ii3S	2	décrochait-décroché
28146	décrocher	pI2P	2	décrocher-décrochez
28155	décrocher	pi2P	2	décrocher-décrochez
28408	dédier	pi2P	2	dédier-dédiez
28627	défendre	pI2P	2	défendez-défendre
28637	défendre	pi2P	2	défendez-défendre
28712	défier	pi2P	2	défier-défiez
28755	défiler	ii3P	2	défilaient-défilé
28756	défiler	ii3S	2	défilait-défilé
28769	défiler	pi2P	2	défiler-défilez
28856	défoncer	ii3P	2	défoncé-défonçaient
28857	défoncer	ii3S	2	défoncé-défonçait
28869	défoncer	pi2P	2	défoncer-défoncez
28887	déformer	ii3S	2	déformait-déformé
28924	défouler	pi2P	2	défouler-défoulez
28952	défrayer	pi3S	2	défraie-défraye
29063	dégager	ii3S	2	dégageait-dégagé
29074	dégager	pi1P	2	dégageons-dégages
29252	dégonfler	ii3P	2	dégonflaient-dégonflé
29264	dégonfler	pi2P	2	dégonfler-dégonflez
29291	dégoter	ii3S	2	dégotait-dégoté
29404	dégoûter	pi2P	2	dégoûter-dégoûtez
29430	dégrader	pi2P	2	dégrader-dégradez
29601	déguiser	ii3P	2	déguisaient-déguisés
29658	dégénérer	ii3P	2	dégénéraient-dégénéré
29746	déjeuner	pi2P	2	déjeuner-déjeunez
29946	délier	pI2P	2	délier-déliez
30035	délivrer	pi1P	2	délivres-délivrons
30057	délocaliser	pi2P	2	délocaliser-délocalisez
30240	démarquer	pi2P	2	démarquer-démarquez
30322	dématérialiser	pi2P	2	dématérialiser-dématérialisez
30488	démissionner	pI2S	2	démissionne-démissionné
30496	démissionner	pi2P	2	démissionner-démissionnez
30573	démonter	ii3S	2	démontait-démonté
30633	démoraliser	pi2P	2	démoraliser-démoralisez
30725	déménager	ii3P	2	déménageaient-déménagé
30726	déménager	ii3S	2	déménageait-déménagé
30764	démêler	ii3S	2	démêlait-démêlé
30888	dénigrer	pi2P	2	dénigrer-dénigrez
30935	dénoncer	pI2P	2	dénoncer-dénoncez
30944	dénoncer	pi2P	2	dénoncer-dénoncez
31110	dépasser	ii3S	2	dépassait-dépassé
31122	dépasser	pi2P	2	dépasser-dépassez
31258	dépenser	pi2P	2	dépenser-dépensez
31335	déplacer	ii3P	3	déplacé-déplacés-déplaçaient
31381	déplaire	pi2P	2	déplaire-déplaisez
31458	déployer	ii3S	2	déployait-déployé
31553	déposer	ii3P	2	déposaient-déposé
31554	déposer	ii3S	2	déposait-déposé
31611	dépouiller	ii3P	2	dépouillaient-dépouillé
31817	dépêcher	pI2P	2	dépêcher-dépêchez
31924	déranger	ii3S	2	dérangeait-dérangé
32041	dérober	ii3P	2	dérobaient-dérobé
32142	dérouter	ii3P	2	déroutaient-déroutés
32224	désactiver	ii3S	2	désactivait-désactivé
32232	désactiver	pi2P	2	désactiver-désactivez
32682	déshabiller	pi2P	2	déshabiller-déshabillez
32740	déshumaniser	pi2P	2	déshumaniser-déshumanisez
32755	déshydrater	pi2P	2	déshydrater-déshydratez
32969	désirer	ii3P	2	désiraient-désiré
32970	désirer	ii3S	2	désirait-désiré
32974	désirer	pI2P	2	désirer-désirez
33076	désoler	ii3S	3	désolait-désolé-désolée
33082	désoler	pi1S	2	désole-désolé
33254	détacher	ii3S	2	détachait-détaché
33257	détacher	pI2P	2	détacher-détachez
33265	détacher	pi2P	2	détacher-détachez
33483	déterminer	ii3P	2	déterminaient-déterminé
33517	déterrer	ii3P	3	déterraient-déterré-déterrés
33518	déterrer	ii3S	2	déterrait-déterré
33552	détester	ii3S	2	détestait-détesté
33933	développer	ii3P	2	développaient-développé
33934	développer	ii3S	2	développait-développé
34006	déverser	ii3P	2	déversaient-déversés
34047	dévier	pi2P	2	dévier-déviez
34091	dévisser	ii3P	2	dévissaient-dévissé
34137	dévoiler	pi2P	2	dévoiler-dévoilez
34159	dévorer	ii3P	3	dévoraient-dévoré-dévorée
34207	dévoyer	ii3S	2	dévoyait-dévoyée
34250	dézipper	pI2P	2	dézipper-dézippez
34307	effacer	ii3P	2	effacé-effaçaient
34321	effacer	pi2P	2	effacer-effacez
34365	effectuer	ii3P	2	effectuaient-effectué
34366	effectuer	ii3S	2	effectuait-effectuer
34456	effondrer	ii3P	2	effondraient-effondré
34457	effondrer	ii3S	2	effondrait-effondré
34515	effrayer	fi1S	2	effraierai-effrayerai
34516	effrayer	fi2P	2	effraierez-effrayerez
34517	effrayer	fi2S	2	effraieras-effrayeras
34518	effrayer	fi3P	2	effraieront-effrayeront
34519	effrayer	fi3S	2	effraiera-effrayera
34524	effrayer	ii3P	2	effrayaient-effrayé
34525	effrayer	ii3S	4	effrayait-effrayé-effrayée-effrayés
34529	effrayer	pI2S	2	effraie-effraye
34530	effrayer	pc1S	2	effraierais-effrayerais
34532	effrayer	pc2S	2	effraierais-effrayerais
34533	effrayer	pc3P	2	effraieraient-effrayeraient
34534	effrayer	pc3S	2	effraierait-effrayerait
34536	effrayer	pi1S	2	effraie-effraye
34538	effrayer	pi2S	2	effraies-effrayes
34539	effrayer	pi3P	2	effraient-effrayent
34540	effrayer	pi3S	2	effraie-effraye
34579	emballer	ii3S	2	emballait-emballé
34582	emballer	pI2P	2	emballer-emballez
34615	embarquer	ii3P	2	embarquaient-embarqué
34616	embarquer	ii3S	2	embarquait-embarquée
34692	embaucher	ii3P	4	embauchaient-embauché-embauchée-embauchés
34693	embaucher	ii3S	2	embauchait-embauché
34812	embourber	pi2P	2	embourber-embourbez
34923	embrasser	ii3P	2	embrassaient-embrassé
34924	embrasser	ii3S	2	embrassait-embrassé
34952	embrayer	pI2S	2	embraie-embraye
34953	embrayer	pi1S	2	embraie-embraye
34955	embrayer	pi2S	2	embraies-embrayes
34957	embrayer	pi3S	2	embraie-embraye
35021	embrouiller	pi2P	2	embrouiller-embrouillez
35092	embêter	pi2P	2	embêter-embêtez
35151	emmener	ii3P	3	emmenaient-emmené-emmenée
35152	emmener	ii3S	3	emmenait-emmené-emmenés
35163	emmener	pi1P	2	emmenons-emmènes
35258	emménager	ii3P	2	emménageaient-emménagé
35284	emmêler	ii3P	2	emmêlaient-emmêlés
35402	emparer	pi2P	2	emparer-emparez
35481	empiler	ii3P	2	empilaient-empilés
35604	employer	ii3P	2	employaient-employé
35618	employer	pi2P	2	employer-employez
35650	empocher	ii3S	2	empochait-empoché
35675	empoigner	ii3S	2	empoignait-empoigné
35701	empoisonner	ii3P	2	empoisonnaient-empoisonné
35702	empoisonner	ii3S	2	empoisonnait-empoisonné
35715	empoisonner	pi2P	2	empoisonner-empoisonnez
35753	emporter	ii3S	2	emportait-emporter
35757	emporter	pI2P	2	emporter-emportez
35767	emporter	pi2P	2	emporter-emportez
35846	emprisonner	ii3P	2	emprisonnaient-emprisonnée
35891	emprunter	pi2P	2	emprunter-empruntez
35948	empêcher	pi2P	2	empêcher-empêchez
35983	encadrer	ii3P	2	encadraient-encadrés
35984	encadrer	ii3S	2	encadrait-encadrée
35993	encadrer	pi2P	2	encadrer-encadrez
36120	encercler	ii3P	2	encerclaient-encerclé
36176	enchaîner	ii3P	2	enchaînaient-enchaîné
36319	encombrer	pi2P	2	encombrer-encombrez
36366	encourager	pi2P	2	encourager-encouragez
36469	enculer	ii3S	2	enculait-enculés
36565	endommager	ii3P	2	endommageaient-endommagé
36566	endommager	ii3S	2	endommageait-endommagés
36778	enfermer	ii3P	3	enfermaient-enfermé-enfermés
36779	enfermer	ii3S	2	enfermait-enfermé
36889	enflammer	pi2P	2	enflammer-enflammez
37124	engager	ii3P	3	engageaient-engagé-engagée
37125	engager	ii3S	2	engageait-engagé
37266	engouffrer	pi2P	2	engouffrer-engouffrez
37535	enlacer	pi2P	2	enlacer-enlacez
37570	enlever	ii3P	3	enlevaient-enlevé-enlevée
37571	enlever	ii3S	3	enlevait-enlever-enlevé
37574	enlever	pI2P	2	enlever-enlevez
37584	enlever	pi2P	2	enlever-enlevez
37667	ennuyer	ii3S	2	ennuyait-ennuyée
37679	ennuyer	pi2P	2	ennuyer-ennuyez
37843	enrayer	pi3S	2	enraie-enraye
37861	enregistrer	ii3P	2	enregistraient-enregistré
37862	enregistrer	ii3S	2	enregistrait-enregistré
37866	enregistrer	pI2P	2	enregistrer-enregistrez
37875	enregistrer	pi2P	2	enregistrer-enregistrez
38012	enrôler	pi2P	2	enrôler-enrôlez
38228	entailler	pI2P	2	entailler-entaillez
38253	entamer	ii3P	2	entamaient-entamé
38374	enterrer	ii3P	2	enterraient-enterré
38375	enterrer	ii3S	3	enterrait-enterrer-enterré
38379	enterrer	pI2P	2	enterrer-enterrez
38388	enterrer	pi2P	2	enterrer-enterrez
38570	entraver	pi2P	2	entraver-entravez
38592	entraîner	ii3P	3	entraînaient-entraîné-entraînés
38593	entraîner	ii3S	2	entraînait-entraîné
38653	entre-tuer	pi2P	2	entre-tuer-entre-tuez
38822	entrer	ii3P	2	entraient-entré
38823	entrer	ii3S	3	entrait-entré-entrée
38835	entrer	pi1P	2	entres-entrons
38837	entrer	pi2P	2	entres-entrez
39078	envelopper	ii3P	2	enveloppaient-enveloppée
39082	envelopper	pI2P	2	envelopper-enveloppez
39143	envier	pi2P	2	envier-enviez
39176	envisager	ii3S	2	envisageait-envisagé
39189	envisager	pi2P	2	envisager-envisagez
39252	envoyer	ii3P	4	envoyaient-envoyé-envoyées-envoyés
39253	envoyer	ii3S	5	envoyait-envoyé-envoyée-envoyées-envoyés
39265	envoyer	pi1P	2	envoies-envoyons
39324	errer	ii3S	2	errait-errer
39475	escorter	pi2P	2	escorter-escortez
39512	escroquer	pI2S	2	escroque-escroqué
39517	escroquer	pi2P	2	escroquer-escroquez
39558	espionner	ii3S	2	espionnait-espionné
39573	espionner	pi3S	2	espionne-espionné
39593	espérer	ii3P	2	espéraient-espéré
39594	espérer	ii3S	2	espérait-espéré
39597	espérer	pI2P	2	espérer-espérez
39607	espérer	pi2P	2	espérer-espérez
39664	esquiver	ii3P	2	esquivaient-esquivé
39665	esquiver	ii3S	2	esquivait-esquivé
39697	essayer	fi1P	2	essaierons-essayerons
39698	essayer	fi1S	2	essaierai-essayerai
39699	essayer	fi2P	2	essaierez-essayerez
39700	essayer	fi2S	2	essaieras-essayeras
39701	essayer	fi3P	2	essaieront-essayeront
39702	essayer	fi3S	2	essaiera-essayera
39707	essayer	ii3P	3	essayaient-essayé-essayée
39708	essayer	ii3S	2	essayait-essayé
39713	essayer	pI2P	2	essayer-essayez
39714	essayer	pI2S	3	essaie-essaye-essayé
39715	essayer	pc1P	2	essaierions-essayerions
39716	essayer	pc1S	2	essaierais-essayerais
39717	essayer	pc2P	2	essaieriez-essayeriez
39718	essayer	pc2S	2	essaierais-essayerais
39719	essayer	pc3P	2	essaieraient-essayeraient
39720	essayer	pc3S	2	essaierait-essayerait
39722	essayer	pi1S	2	essaie-essaye
39723	essayer	pi2P	2	essayer-essayez
39724	essayer	pi2S	2	essaies-essayes
39725	essayer	pi3P	2	essaient-essayent
39726	essayer	pi3S	2	essaie-essaye
39732	essayer	ps2S	2	essaies-essayes
39733	essayer	ps3S	2	essaie-essaye
39790	essuyer	ii3S	2	essuyait-essuyé
39855	estimer	pi2P	2	estimer-estimez
39878	estomper	ii3P	2	estompaient-estompés
39946	exagérer	ii3P	2	exagéraient-exagéré
39947	exagérer	ii3S	2	exagérait-exagéré
39957	exagérer	pi2P	2	exagérer-exagérez
39998	examiner	ii3S	2	examinait-examiné
40012	examiner	pi2P	2	examiner-examinez
40109	excepter	ii3S	2	excepté-exceptée
40111	excepter	pI2P	2	excepter-exceptez
40150	exciter	pI2P	2	exciter-excitez
40151	exciter	pI2S	2	excite-excité
40157	exciter	pi2P	2	exciter-excitez
40243	excuser	pI2P	2	excuser-excusez
40244	excuser	pI2S	2	excuse-excusé
40250	excuser	pi1P	2	excuses-excusons
40252	excuser	pi2P	2	excuser-excusez
40310	exercer	ii3S	2	exercé-exerçait
40320	exercer	pi2P	2	exercer-exercez
40510	exiler	pi2P	2	exiler-exilez
40532	exister	ii3S	2	existait-exister
40582	exorciser	pI2P	2	exorciser-exorcisez
40701	expliquer	ii3P	2	expliquaient-expliqué
40702	expliquer	ii3S	2	expliquait-expliqué
40712	expliquer	pi1P	2	expliques-expliquons
40738	exploiter	ii3P	2	exploitaient-exploité
40751	exploiter	pi2P	2	exploiter-exploitez
40807	exploser	ii3P	2	explosaient-explosé
40808	exploser	ii3S	2	explosait-explosé
40881	exposer	pi2P	2	exposer-exposez
40904	exprimer	ii3P	2	exprimaient-exprimé
40949	expulser	ii3P	2	expulsaient-expulsé
41089	exterminer	pi2P	2	exterminer-exterminez
41139	extorquer	pi2P	2	extorquer-extorquez
41294	exécuter	ii3P	3	exécutaient-exécuté-exécutés
41299	exécuter	pI2S	2	exécute-exécuté
41389	faciliter	pi2P	2	faciliter-facilitez
41417	facturer	ii3S	2	facturait-facturé
41429	facturer	pi2P	2	facturer-facturez
41552	faire	ps2S	2	fasse-fasses
41579	falsifier	ii3S	2	falsifiait-falsifié
41606	familiariser	pi2P	2	familiariser-familiarisez
41625	faner	ii3S	2	fanait-fanée
41634	faner	pi2P	3	faner-fanes-fanez
41674	fantasmer	pi2P	2	fantasmer-fantasmez
41785	fatiguer	ii3S	3	fatiguait-fatigué-fatiguée
41796	fatiguer	pi2P	2	fatiguer-fatiguez
41816	faucher	ii3S	2	fauchait-fauché
41859	faufiler	pi2P	2	faufiler-faufilez
41926	favoriser	pi2P	2	favoriser-favorisez
42078	fendre	pi2P	2	fendez-fendre
42122	fermer	ii3P	2	fermaient-fermé
42123	fermer	ii3S	2	fermait-fermé
42127	fermer	pI2S	2	ferme-fermé
42427	fier	pi2P	2	fier-fiez
42516	filer	ii3P	2	filaient-filé
42517	filer	ii3S	2	filait-filer
42528	filer	pi1P	2	files-filons
42530	filer	pi2P	2	filer-filez
42567	filmer	inf	2	filme-filmer
42578	filmer	pi2P	2	filmer-filmez
42711	finir	ii3S	2	finir-finissait
42771	fixer	ii3S	2	fixait-fixé
42774	fixer	pI2P	2	fixer-fixez
42783	fixer	pi2P	2	fixer-fixez
42808	flageller	pi2P	2	flageller-flagellez
42997	flatter	pi2P	2	flatter-flattez
43074	flinguer	pi1S	2	flingue-flingues
43093	flipper	ii3P	2	flippaient-flippé
43094	flipper	ii3S	2	flippait-flippé
43136	flirter	ii3P	2	flirtaient-flirté
43333	focaliser	pi2P	2	focaliser-focalisez
43349	foirer	ii3S	2	foirait-foiré
43450	fonctionner	ii3P	2	fonctionnaient-fonctionnées
43482	fonder	ii3P	2	fondaient-fondé
43483	fonder	ii3S	2	fondait-fondé
43516	fondre	pI2P	2	fondez-fondre
43545	forcer	ii3P	3	forcé-forcée-forçaient
43546	forcer	ii3S	3	forcé-forcée-forçait
43550	forcer	pI2P	2	forcer-forcez
43560	forcer	pi2P	2	forcer-forcez
43600	forfaire	inf	2	forfaire-forfait
43678	former	ii3P	2	formaient-formés
43679	former	ii3S	2	formait-formés
43682	former	pI2P	2	former-formez
43692	former	pi2P	2	former-formez
43820	fouetter	ii3S	3	fouettait-fouetté-fouettée
43852	fouiller	ii3P	3	fouillaient-fouillé-fouillés
43853	fouiller	ii3S	2	fouillait-fouillé
43866	fouiller	pi2P	2	fouiller-fouillez
44103	foutre	pi1P	2	fous-foutons
44287	frapper	ii3P	2	frappaient-frappé
44288	frapper	ii3S	3	frappait-frappé-frappés
44353	frayer	fi1P	2	fraierons-frayerons
44354	frayer	fi1S	2	fraierai-frayerai
44356	frayer	fi3S	2	fraiera-frayera
44365	frayer	pI2S	2	fraie-fraye
44367	frayer	pc3S	2	fraierait-frayerait
44369	frayer	pi1S	2	fraie-fraye
44371	frayer	pi2S	2	fraies-frayes
44372	frayer	pi3P	2	fraient-frayent
44373	frayer	pi3S	2	fraie-fraye
44714	frotter	pi2P	2	frotter-frottez
44745	frustrer	pi2P	2	frustrer-frustrez
45049	fusiller	pi2P	2	fusiller-fusillez
45118	fâcher	ii3S	2	fâchait-fâché
45130	fâcher	pi2P	2	fâcher-fâchez
45187	féliciter	ii3S	2	félicitait-félicité
45264	fêter	pi2P	2	fêtes-fêtez
45319	gagner	ii3P	4	gagnaient-gagné-gagnée-gagnés
45320	gagner	ii3S	2	gagnait-gagné
45325	gagner	pI2S	2	gagne-gagné
45541	garder	ii3P	4	gardaient-gardé-gardée-gardés
45542	garder	ii3S	2	gardait-gardé
45554	garder	pi1P	2	gardes-gardons
45586	garer	ii3S	2	garait-garé
45598	garer	pi2P	2	garer-garez
45677	gaspiller	ii3P	2	gaspillaient-gaspillée
45678	gaspiller	ii3S	2	gaspillait-gaspillés
45838	geler	ii3P	2	gelaient-gelée
45839	geler	ii3S	2	gelait-gelé
45850	geler	pi2P	2	geler-gelez
45959	gifler	ii3P	2	giflaient-giflé
45960	gifler	ii3S	2	giflait-giflée
45962	gifler	pI2P	2	gifler-giflez
45970	gifler	pi2P	2	gifler-giflez
46027	glacer	pi2P	2	glacer-glacez
46112	glisser	ii3P	3	glissaient-glissé-glissée
46129	glisser	pi3S	2	glisse-tue
46428	gouverner	pi2P	2	gouverner-gouvernez
46462	goûter	pi2P	2	goûter-goûtez
46917	griller	ii3P	2	grillaient-grillées
47317	guider	ii3P	2	guidaient-guidé
47329	guider	pi1P	2	guides-guidons
47331	guider	pi2P	2	guider-guidez
47334	guider	pi3S	2	guide-guidé
47432	gâcher	ii3S	2	gâchait-gâché
47444	gâcher	pi2P	2	gâcher-gâchez
47583	gérer	ii3S	2	gérait-géré
47596	gérer	pi2P	2	gérer-gérez
47630	gêner	ii3S	2	gênait-gêné
47683	habiller	ii3S	4	habillait-habillé-habillée-habillés
47687	habiller	pI2S	2	habille-habillé
47718	habiter	ii3P	2	habitaient-habité
47719	habiter	ii3S	2	habitait-habité
47855	halluciner	pi2P	2	halluciner-hallucinez
47908	hanter	pi2P	2	hanter-hantez
47963	harceler	ii3S	2	harcelait-harceler
47966	harceler	pI2P	2	harceler-harcelez
47972	harceler	pi2P	2	harceler-harcelez
48078	haver	pI2P	2	haver-havez
48217	hisser	pI2S	2	hisse-hissé
48221	hisser	pi2P	2	hisser-hissez
48313	honorer	pI2P	2	honorer-honorez
48322	honorer	pi2P	2	honorer-honorez
48473	humaniser	pI2P	2	humaniser-humanisez
48805	hériter	ii3P	2	héritaient-hérité
48841	hésiter	ii3S	2	hésitait-hésité
48875	identifier	ii3S	2	identifiait-identifié
48878	identifier	pI2P	2	identifier-identifiez
48887	identifier	pi2P	2	identifier-identifiez
48956	ignorer	ii3P	2	ignoraient-ignoré
48957	ignorer	ii3S	2	ignorait-ignorés
48972	ignorer	pi2P	2	ignorer-ignorez
49074	imaginer	ii3P	2	imaginaient-imaginé
49075	imaginer	ii3S	2	imaginait-imaginé
49078	imaginer	pI2P	2	imaginer-imaginez
49088	imaginer	pi2P	2	imaginer-imaginez
49186	immerger	pi2P	2	immerger-immergez
49271	immoler	pi2P	2	immoler-immolez
49373	implanter	ii3S	2	implantait-implanté
49384	implanter	pi2P	2	implanter-implantez
49410	impliquer	pI2P	2	impliquer-impliquez
49420	impliquer	pi2P	2	impliquer-impliquez
49453	implorer	pi1S	2	implore-imploré
49572	imposer	pi2P	2	imposer-imposez
49593	impressionner	ii3P	2	impressionnaient-impressionné
49605	impressionner	pi2P	2	impressionner-impressionnez
49626	imprimer	ii3P	2	imprimaient-imprimées
49628	imprimer	inf	2	imprime-imprimer
49715	imputer	ii3S	2	imputait-imputés
49821	incendier	ii3P	2	incendiaient-incendiés
49822	incendier	ii3S	2	incendiait-incendié
49843	incinérer	ii3P	2	incinéraient-incinéré
49846	incinérer	pI2P	2	incinérer-incinérez
49871	inciser	pi2P	2	inciser-incisez
49932	incliner	pi2P	2	incliner-inclinez
50017	incorporer	pi2P	2	incorporer-incorporez
50209	indigner	pi2P	2	indigner-indignez
50242	indiquer	pi1P	2	indiques-indiquons
50244	indiquer	pi2P	2	indiquer-indiquez
50324	infecter	ii3P	4	infectaient-infecté-infectées-infectés
50368	infiltrer	ii3P	2	infiltraient-infiltré
50369	infiltrer	ii3S	2	infiltrait-infiltré
50372	infiltrer	pI2P	2	infiltrer-infiltrez
50378	infiltrer	pi2P	2	infiltrer-infiltrez
50426	infliger	pi2P	2	infliger-infligez
50447	influencer	ii3P	2	influencés-influençaient
50516	informer	ii3P	2	informaient-informé
50528	informer	pi1S	2	informe-informé
50529	informer	pi2P	2	informer-informez
50613	inhaler	ii3P	2	inhalaient-inhalé
50676	initier	ii3P	2	initiaient-initiés
50705	injecter	ii3P	2	injectaient-injecté
50706	injecter	ii3S	2	injectait-injecté
50709	injecter	pI2P	2	injecter-injectez
50736	injurier	pI2P	2	injurier-injuriez
50771	innocenter	pi2P	2	innocenter-innocentez
50856	inquiéter	ii3S	2	inquiétait-inquiété
50907	inscrire	pi2P	2	inscrire-inscrivez
50967	insister	ii3P	2	insistaient-insisté
50968	insister	ii3S	2	insistait-insisté
51047	inspirer	pI2P	2	inspirer-inspirez
51080	installer	ii3S	2	installait-installée
51191	instruire	pi2P	2	instruire-instruisez
51225	insuffler	pi2P	2	insuffler-insufflez
51246	insulter	ii3S	2	insultait-insulté
51531	interdire	pi2P	2	interdire-interdisez
51560	interférer	ii3S	2	interférait-interféré
51599	interner	ii3S	2	internait-interné
51608	interner	pi2P	2	interner-internez
51680	interpréter	ii3P	2	interprétaient-interprétée
51760	interrompre	pI2P	2	interrompez-interrompre
51769	interrompre	pi2P	2	interrompez-interrompre
51862	interviewer	pi2P	2	interviewer-interviewez
51907	intimider	pi2P	2	intimider-intimidez
52040	intuber	pI2P	2	intuber-intubez
52077	intégrer	pi2P	2	intégrer-intégrez
52101	intéresser	ii3S	4	intéressait-intéressé-intéressée-intéressés
52187	inventer	ii3P	2	inventaient-inventé
52188	inventer	ii3S	2	inventait-inventé
52323	inviter	ii3P	3	invitaient-invité-invitée
52324	inviter	ii3S	3	invitait-invité-invités
52427	irradier	pI2S	2	irradie-irradié
52468	irriter	pI2P	2	irriter-irritez
52474	irriter	pi2P	2	irriter-irritez
52511	isoler	pi2P	2	isoler-isolez
52733	jeter	ii3P	3	jetaient-jeté-jetée
52734	jeter	ii3S	2	jetait-jeté
52885	jouer	ii3P	2	jouaient-joué
52886	jouer	ii3S	2	jouait-joué
52898	jouer	pi1S	2	joue-joué
53013	juger	ii3P	2	jugeaient-jugés
53072	jurer	ii3P	2	juraient-juré
53073	jurer	ii3S	3	jurait-juré-jurés
53076	jurer	pI2P	2	jurer-jurez
53085	jurer	pi2P	2	jurer-jurez
53119	justifier	pi2P	2	justifier-justifiez
53160	kidnapper	ii3P	3	kidnappaient-kidnappé-kidnappée
53204	klaxonner	pi2P	2	klaxonner-klaxonnez
53303	laisser	ii3P	3	laissaient-laissé-laissée
53304	laisser	ii3S	4	laissait-laissé-laissée-laissés
53309	laisser	pI2S	2	laisse-laissé
53316	laisser	pi1P	2	laisses-laissons
53318	laisser	pi2P	2	laisses-laissez
53425	lancer	ii3P	2	lancé-lançaient
53429	lancer	pI2P	2	lancer-lancez
53430	lancer	pI2S	2	lance-lancé
53439	lancer	pi2P	2	lancer-lancez
53456	langer	pI2P	2	langer-langez
53669	laver	ii3P	2	lavaient-lavé
53721	lester	pI2P	2	lester-lestez
53735	leurrer	ii3S	2	leurrait-leurré
53772	lever	pI2P	2	lever-levez
53781	lever	pi2P	2	lever-levez
53819	libérer	ii3P	2	libéraient-libérées
53820	libérer	ii3S	2	libérait-libéré
53831	libérer	pi1P	2	libères-libérons
53855	licencier	ii3S	2	licenciait-licencier
53910	lier	pi2P	2	lier-liez
53994	liguer	ii3S	2	liguait-ligués
54044	limiter	ii3S	2	limitait-limité
54159	lire	ii3S	2	lire-lisait
54172	lire	pi2P	2	lire-lisez
54256	livrer	ii3P	2	livraient-livré
54257	livrer	ii3S	2	livrait-livré
54333	localiser	pi2P	2	localiser-localisez
54363	loger	pI2P	2	loger-logez
54372	loger	pi2P	2	loger-logez
54520	louper	ii3S	2	loupait-loupé
54523	louper	pI2P	2	louper-loupez
54668	lutter	ii3P	2	luttaient-lutté
54704	lyncher	ii3S	2	lynchait-lynché
54744	lâcher	ii3P	2	lâchaient-lâché
54793	lécher	pi2P	2	lécher-léchez
55199	maltraiter	ii3P	2	maltraitaient-maltraité
55200	maltraiter	ii3S	3	maltraitait-maltraiter-maltraité
55227	manager	pi2P	2	manager-managez
55282	manger	ii3P	2	mangeaient-mangé
55283	manger	ii3S	2	mangeait-mangé
55288	manger	pI2S	2	mange-mangé
55298	manger	pi2S	2	mangent-manges
55385	manigancer	pi2P	2	manigancer-manigancez
55405	manipuler	ii3P	2	manipulaient-manipulé
55406	manipuler	ii3S	2	manipulait-manipulé
55416	manipuler	pi2P	2	manipuler-manipulez
55475	manquer	ii3P	2	manquaient-manqué
55476	manquer	ii3S	3	manquait-manqué-manqués
55490	manquer	pi2P	2	manquer-manquez
55643	marcher	ii3P	2	marchaient-marché
55657	marcher	pi2P	2	marcher-marchez
55702	marier	ii3P	5	mariaient-marié-mariée-mariées-mariés
55703	marier	ii3S	3	mariait-marié-mariée
55709	marier	pI2S	2	marie-marié
55718	marier	pi2P	2	maries-mariez
55805	marquer	ii3P	2	marquaient-marqué
55806	marquer	ii3S	2	marquait-marqué
55820	marquer	pi2P	2	marquer-marquez
55855	marrer	pi2P	2	marrer-marrez
55958	massacrer	ii3P	2	massacraient-massacré
55959	massacrer	ii3S	2	massacrait-massacrer
55969	massacrer	pi2P	2	massacrer-massacrez
55993	masser	ii3S	2	massait-masser
56005	masser	pi2P	2	masser-massez
56051	masturber	pi2P	2	masturber-masturbez
56142	matraquer	ii3P	2	matraquaient-matraquées
56179	matérialiser	pi2P	2	matérialiser-matérialisez
56200	maudire	pI2P	2	maudire-maudissez
56277	maîtriser	pi2P	2	maîtriser-maîtrisez
56301	menacer	ii3P	2	menacé-menaçaient
56306	menacer	pI2P	2	menacer-menacez
56315	menacer	pi2P	2	menacer-menacez
56370	mener	ii3P	2	menaient-mené
56371	mener	ii3S	2	menait-mené
56405	menotter	pI2P	2	menotter-menottez
56510	merder	ii3P	2	merdaient-merdé
56511	merder	ii3S	2	merdait-merdé
56558	mesurer	ii3P	2	mesuraient-mesuré
56568	mesurer	pi2P	2	mesurer-mesurez
56596	mettre	inf	2	met-mettre
56839	miner	ii3P	2	minaient-miné
56843	miner	pI2S	2	mine-miné
56966	miser	pi2P	2	miser-misez
57085	modeler	ii3P	2	modelaient-modelé
57086	modeler	ii3S	2	modelait-modelé
57129	modifier	ii3P	2	modifiaient-modifié
57252	molester	ii3P	2	molestaient-molesté
57257	molester	pi2P	2	molester-molestez
57304	monder	pI2S	2	chose-monde
57305	monder	pi1S	2	chose-monde
57326	monnayer	pi3P	2	monnaient-monnayent
57327	monnayer	pi3S	2	monnaie-monnaye
57383	monter	pI2P	2	monter-montez
57393	monter	pi2P	2	monter-montez
57417	montrer	ii3P	4	montraient-montré-montrée-montrés
57418	montrer	ii3S	2	montrait-montré
57423	montrer	pI2S	2	montre-montré
57430	montrer	pi1P	2	montres-montrons
57465	moquer	ii3S	2	moquait-moqué
57592	morfondre	pi2P	2	morfondez-morfondre
57639	motiver	pi2P	2	motiver-motivez
57689	moucher	pi2P	2	moucher-mouchez
57941	multiplier	ii3S	2	multipliait-multiplié
58079	musiquer	pi3S	2	musique-tue
58125	mutiler	ii3S	2	mutilait-mutilés
58201	mâcher	pi2P	2	mâcher-mâchez
58440	mélanger	ii3P	2	mélangeaient-mélangé
58441	mélanger	ii3S	4	mélangeait-mélangé-mélangées-mélangés
58470	mémoriser	ii3S	2	mémorisait-mémorisé
58563	mépriser	pi2P	2	mépriser-méprisez
58586	mériter	ii3P	2	méritaient-mérité
58587	mériter	ii3S	2	méritait-mérité
58600	mériter	pi2P	2	mériter-méritez
58779	nager	ii3S	2	nageait-nager
58791	nager	pi2P	2	nager-nagez
58888	naviguer	ii3P	3	naviguaient-navigué-navigués
58889	naviguer	ii3S	2	naviguait-navigué
59000	nettoyer	ii3P	2	nettoyaient-nettoyé
59001	nettoyer	ii3S	2	nettoyait-nettoyé
59004	nettoyer	pI2P	2	nettoyer-nettoyez
59013	nettoyer	pi2P	2	nettoyer-nettoyez
59114	nier	ii3P	2	niaient-nié
59115	nier	ii3S	2	niait-nié
59127	nier	pi2P	2	nier-niez
59185	niveler	ii3S	2	nivelait-nivelé
59242	nominer	pI2S	2	nomine-nominé
59266	nommer	ii3P	3	nommaient-nommé-nommés
59267	nommer	ii3S	2	nommait-nommé
59279	nommer	pi2P	2	nommer-nommez
59318	noter	ii3P	2	notaient-noté
59419	nourrir	pi3S	2	nourrit-tue
59451	noyer	ii3P	2	noyaient-noyé
59465	noyer	pi2P	2	noyer-noyez
59518	nuire	pi2P	2	nuire-nuisez
59573	nécessiter	ii3S	2	nécessitait-nécessité
59609	négliger	ii3S	2	négligeait-négligé
59641	négocier	ii3S	3	négociait-négocié-négociés
59654	négocier	pi2P	2	négocier-négociez
59712	obliger	ii3S	2	obligeait-obligé
59799	observer	ii3P	2	observaient-observé
59800	observer	ii3S	2	observait-observé
59813	observer	pi2P	2	observer-observez
59843	obstiner	pi2P	2	obstiner-obstinez
59925	obtenir	ii3S	2	obtenait-obtenir
60062	occuper	ii3P	2	occupaient-occupé
60063	occuper	ii3S	2	occupait-occupé
60169	offenser	pi2P	2	offenser-offensez
60300	oindre	pi2P	2	oignez-oindre
60535	opérer	ii3S	2	opérait-opéré
60615	ordonner	ii3P	3	ordonnaient-ordonné-ordonnée
60652	organiser	ii3P	2	organisaient-organisé
60697	orienter	pi2P	2	orienter-orientez
60730	orthographier	ii3S	2	orthographiait-orthographié
60773	oser	ii3P	2	osaient-osé
60774	oser	ii3S	2	osait-osé
60779	oser	pI2S	2	ose-osé
60786	oser	pi1S	2	ose-osé
60830	oublier	ii3P	3	oubliaient-oublié-oubliés
60831	oublier	ii3S	2	oubliait-oublié
60835	oublier	pI2S	2	oublie-oublié
60903	outrepasser	ii3S	2	outrepassait-outrepassé
61119	pagayer	pI2S	2	pagaie-pagaye
61122	pagayer	pi1S	2	pagaie-pagaye
61124	pagayer	pi2S	2	pagaies-pagayes
61125	pagayer	pi3P	2	pagaient-pagayent
61126	pagayer	pi3S	2	pagaie-pagaye
61290	paniquer	ii3S	2	paniquait-paniqué
61303	paniquer	pi2P	2	paniquer-paniquez
61340	panser	pi2P	2	panser-pansez
61470	paralyser	ii3P	2	paralysaient-paralysée
61635	pardonner	ii3S	2	pardonnait-pardonné
61646	pardonner	pi1P	2	pardonnes-pardonnons
61673	parer	ii3S	2	parait-paré
61677	parer	pI2S	2	parais-pare
61819	parler	ii3P	2	parlaient-parlé
61820	parler	ii3S	2	parlait-parlé
61832	parler	pi1P	2	parles-parlons
61833	parler	pi1S	2	parle-parlé
61842	parler	ps1P	2	parles-parlions
61935	partager	ii3P	2	partageaient-partagé
61939	partager	pI2P	2	partager-partagez
61949	partager	pi2P	2	partager-partagez
61973	participer	ii3P	2	participaient-participé
61986	participer	pi2P	2	participer-participez
62110	passer	ii3P	2	passaient-passé
62111	passer	ii3S	2	passait-passé
62123	passer	pi1P	2	passes-passons
62370	pavaner	pi2P	2	pavaner-pavanez
62420	payer	fi1P	2	paierons-payerons
62421	payer	fi1S	2	paierai-payerai
62422	payer	fi2P	2	paierez-payerez
62423	payer	fi2S	2	paieras-payeras
62424	payer	fi3P	2	paieront-payeront
62425	payer	fi3S	2	paiera-payera
62430	payer	ii3P	3	payaient-payé-payées
62431	payer	ii3S	2	payait-payé
62436	payer	pI2S	2	paie-paye
62437	payer	pc1P	2	paierions-payerions
62438	payer	pc1S	2	paierais-payerais
62439	payer	pc2P	2	paieriez-payeriez
62440	payer	pc2S	2	paierais-payerais
62441	payer	pc3P	2	paieraient-payeraient
62442	payer	pc3S	2	paierait-payerait
62443	payer	pi1P	2	payes-payons
62444	payer	pi1S	2	paie-paye
62446	payer	pi2S	2	paies-payes
62447	payer	pi3P	2	paient-payent
62448	payer	pi3S	2	paie-paye
62453	payer	ps1S	2	paie-paye
62455	payer	ps2S	2	paies-payes
62456	payer	ps3P	2	paient-payent
62457	payer	ps3S	2	paie-paye
62509	peigner	pi2P	2	peigner-peignez
62696	pencher	ii3S	2	penchait-penché
62709	pencher	pi2P	2	pencher-penchez
62749	pendre	pI2P	2	pendez-pendre
62758	pendre	pi2P	2	pendez-pendre
62787	penser	ii3P	2	pensaient-pensé
62788	penser	ii3S	5	pensait-penser-pensé-pensée-pensés
62789	penser	inf	2	penser-penses
62791	penser	pI2P	2	penser-pensez
62792	penser	pI2S	2	pense-pensé
62800	penser	pi1S	2	pense-pensé
62801	penser	pi2P	3	penser-penses-pensez
62804	penser	pi3S	2	pense-pensé
62846	percer	pi3S	2	perce-percé
62953	perdre	ii3S	2	perdait-perdre
62957	perdre	pI2P	2	perdez-perdre
62967	perdre	pi2P	2	perdez-perdre
63254	personnaliser	pI2S	2	personnalise-personnalisé
63295	persuader	ii3P	2	persuadaient-persuadée
63296	persuader	ii3S	2	persuadait-persuadée
63299	persuader	pI2P	2	persuader-persuadez
63376	perturber	ii3S	2	perturbait-perturbé
63389	perturber	pi2P	2	perturber-perturbez
63443	peser	pi2P	2	peser-pesez
63642	picoler	ii3S	2	picolait-picoler
63730	piger	ii3S	2	pigeait-pigé
63793	piller	ii3S	2	pillait-pillée
63912	pincer	ii3P	2	pincées-pinçaient
63913	pincer	ii3S	2	pincer-pinçait
63923	pincer	pi2P	2	pincer-pincez
64007	piper	pI2P	2	piper-pipez
64055	piquer	ii3P	2	piquaient-piqué
64056	piquer	ii3S	2	piquait-piquée
64059	piquer	pI2P	2	piquer-piquez
64068	piquer	pi2P	2	piquer-piquez
64095	pirater	ii3P	2	pirataient-piraté
64096	pirater	ii3S	2	piratait-piraté
64134	pisser	ii3S	2	pissait-pissé
64164	pister	ii3P	2	pistaient-pisté
64165	pister	ii3S	2	pistait-pisté
64168	pister	pI2P	2	pister-pistez
64236	piéger	ii3P	2	piégeaient-piégé
64248	piéger	pi2P	2	piéger-piégez
64272	piétiner	ii3S	2	piétinait-piétiner
64284	piétiner	pi2P	2	piétiner-piétinez
64327	placer	ii3P	2	placé-plaçaient
64342	placer	pi2P	3	placer-places-placez
64412	plaider	pi3S	2	plaide-plaidé
64463	plaire	ai3P	2	plurent-plut
64477	plaire	inf	2	plaire-plaît
64510	plaisanter	ii3P	2	plaisantaient-plaisanté
64522	plaisanter	pi2P	2	plaisanter-plaisantez
64586	planifier	ii3P	2	planifiaient-planifié
64590	planifier	pI2P	2	planifier-planifiez
64619	planquer	ii3S	2	planquait-planqué
64652	planter	ii3P	3	plantaient-planté-plantés
64653	planter	ii3S	2	plantait-planté
64687	plaquer	ii3P	2	plaquaient-plaqué
64749	pleurer	ii3P	2	pleuraient-pleuré
64782	pleurnicher	ii3S	2	pleurnichait-pleurniché
64785	pleurnicher	pI2P	2	pleurnicher-pleurnichez
64819	plier	ii3P	2	pliaient-plié
64832	plier	pi2P	2	plier-pliez
64875	plomber	pi2P	2	plomber-plombez
64910	plonger	pi2P	2	plonger-plongez
65009	poignarder	ii3P	2	poignardaient-poignardée
65010	poignarder	ii3S	3	poignardait-poignarder-poignardé
65022	poignarder	pi2P	2	poignarder-poignardez
65047	poindre	pi3S	2	poigne-point
65060	pointer	ii3P	2	pointaient-pointé
65061	pointer	ii3S	2	pointait-pointé
65064	pointer	pI2P	2	pointer-pointez
65071	pointer	pi1P	2	pointer-pointons
65073	pointer	pi2P	2	pointer-pointez
65297	pomper	ii3S	2	pompait-pompé
65464	porter	ii3P	3	portaient-porté-portés
65465	porter	ii3S	3	portait-porter-porté
65466	porter	inf	2	portait-porter
65470	porter	pI2P	2	porter-portez
65480	porter	pi2P	2	porter-portez
65483	porter	pi3S	7	porte-porte-bonheurs-porte-conteneur-porte-jarretelle-porte-manteau-porte-manteaux-porte-paroles
65511	poser	ii3P	2	posaient-posé
65512	poser	ii3S	2	posait-posé
65595	posséder	pi2P	2	posséder-possédez
65622	poster	ii3S	2	postait-posté
65634	poster	pi2P	2	poster-postez
65673	postuler	ii3S	2	postulait-postulé
65945	pousser	ii3S	2	poussait-poussée
65949	pousser	pI2P	2	pousser-poussez
65959	pousser	pi2P	2	pousser-poussez
65984	pouvoir	ii2P	2	pouvais-pouviez
65987	pouvoir	ii3S	2	pouvait-pouvoir
65988	pouvoir	inf	3	pouvoir-pouvons-pu
65990	pouvoir	is1S	2	pus-pusse
65999	pouvoir	pc2P	2	pourrais-pourriez
66004	pouvoir	pi1S	2	peux-puis
66005	pouvoir	pi2P	2	peux-pouvez
66013	pouvoir	ps2S	2	puisse-puisses
66040	pratiquer	ii3S	2	pratiquait-pratiqué
66050	pratiquer	pi2P	2	pratiquer-pratiquez
66125	prescrire	pi2P	2	prescrire-prescrivez
66176	presser	ii3S	2	pressait-pressé
66188	presser	pi2P	2	presser-pressez
66348	priver	pi2P	2	priver-privez
66393	proclamer	ii3P	2	proclamaient-proclamées
66405	proclamer	pi2P	2	proclamer-proclamez
66486	procéder	pi2P	2	procéder-procédez
66608	profiler	pI2P	2	profiler-profilez
66634	profiter	ii3P	2	profitaient-profité
66635	profiter	ii3S	2	profitait-profité
66648	profiter	pi2P	2	profiter-profitez
66689	programmer	ii3S	2	programmait-programmé
66723	progresser	ii3S	2	progressait-progressé
66767	projeter	ii3S	2	projetait-projeté
66807	prolonger	ii3P	2	prolongeaient-prolongé
66841	promener	ii3S	2	promenait-promenée
66893	promettre	pi2P	2	promettez-promettre
66978	prononcer	pi2P	2	prononcer-prononcez
67060	proposer	ii3S	2	proposait-proposé
67191	prosterner	pi2P	2	prosterner-prosternez
67208	prostituer	ii3S	2	prostituait-prostituée
67217	prostituer	pi2P	2	prostituer-prostituez
67273	protéger	ii3P	2	protégeaient-protégés
67286	protéger	pi1P	2	protèges-protégeons
67318	prouver	ii3P	2	prouvaient-prouvé
67322	prouver	pI2P	2	prouver-prouvez
67331	prouver	pi2P	2	prouver-prouvez
67383	provoquer	ii3S	2	provoquait-provoqué
67396	provoquer	pi2P	2	provoquer-provoquez
67431	précipiter	ii3S	2	précipitait-précipitée
67461	préciser	ii3P	2	précisaient-précisé
67651	préférer	ii3P	2	préféraient-préféré
67652	préférer	ii3S	3	préférait-préféré-préférés
67666	préférer	pi2P	2	préférer-préférez
67739	prélever	pi2P	2	prélever-prélevez
67822	préoccuper	pi2P	2	préoccuper-préoccupez
67845	préparer	ii3P	2	préparaient-préparé
67846	préparer	ii3S	3	préparait-préparé-préparée
67919	présenter	ii3P	3	présentaient-présenté-présentés
67920	présenter	ii3S	2	présentait-présenté
67923	présenter	pI2P	2	présenter-présentez
67933	présenter	pi2P	2	présenter-présentez
68009	présumer	ii3S	2	présumait-présumé
68063	prétendre	pI2P	2	prétendez-prétendre
68072	prétendre	pi2P	2	prétendez-prétendre
68138	prévenir	ii3S	2	prévenait-prévenir
68225	prêcher	pi2P	2	prêcher-prêchez
68246	prêter	ii3P	2	prêtaient-prêtée
68247	prêter	ii3S	2	prêtait-prêté
68352	publier	pi2P	2	publier-publiez
68499	punir	ii3S	2	punir-punissait
68568	purifier	ii3S	2	purifiait-purifié
68724	pédaler	pI2P	2	pédaler-pédalez
68774	pénétrer	ii3S	2	pénétrait-pénétré
68892	péter	pI2S	2	pète-pétasse
68899	péter	pi1S	2	pète-pétasse
68900	péter	pi2P	2	péter-pétez
68901	péter	pi2S	2	pètes-pétasses
68903	péter	pi3S	2	pète-pétasse
68908	péter	ps2S	2	pètes-pétasses
69037	qualifier	ii3P	2	qualifiaient-qualifié
69038	qualifier	ii3S	2	qualifiait-qualifié
69050	qualifier	pi2P	2	qualifier-qualifiez
69163	quitter	ii3P	2	quittaient-quitté
69164	quitter	ii3S	2	quittait-quitté
69180	quitter	pi3S	2	quitte-quitté
69386	raccompagner	pi2P	2	raccompagner-raccompagnez
69455	raccrocher	ii3P	2	raccrochaient-raccroché
69456	raccrocher	ii3S	2	raccrochait-raccroché
69457	raccrocher	inf	2	raccrocher-raccroché
69467	raccrocher	pi2P	2	raccrocher-raccrochez
69530	racketter	pi2P	2	racketter-rackettez
69587	raconter	ii3P	2	racontaient-raconté
69588	raconter	ii3S	2	racontait-raconté
69599	raconter	pi1P	2	racontes-racontons
70182	ramasser	ii3P	2	ramassaient-ramassé
70183	ramasser	ii3S	2	ramassait-ramassé
70195	ramasser	pi2P	2	ramasser-ramassez
70222	ramener	ii3P	3	ramenaient-ramené-ramenée
70223	ramener	ii3S	3	ramenait-ramené-ramenée
70234	ramener	pi1P	2	ramenons-ramènes
70363	ramper	pI2P	2	ramper-rampez
70437	ranger	pI2P	2	ranger-rangez
70446	ranger	pi2P	2	ranger-rangez
70571	rappeler	ii3S	2	rappelait-rappelé
70583	rappeler	pi1P	2	rappelles-rappelons
70657	rapporter	ii3S	2	rapportait-rapporté
70670	rapporter	pi2P	2	rapporter-rapportez
70697	rapprocher	ii3S	2	rapprochait-rapprochée
70701	rapprocher	pI2P	2	rapprocher-rapprochez
70708	rapprocher	pi1P	2	rapproches-rapprochons
70710	rapprocher	pi2P	2	rapprocher-rapprochez
70760	raser	ii3P	2	rasaient-rasé
70761	raser	ii3S	2	rasait-rasé
70765	raser	pI2S	2	rase-rasé
70817	rassembler	ii3P	2	rassemblaient-rassemblé
70831	rassembler	pi2P	2	rassembler-rassemblez
70847	rasseoir	pI2P	2	rasseyez-rassoyez
70848	rasseoir	pI2S	2	rassieds-rassois
70850	rasseoir	pi1S	2	rassieds-rassois
70851	rasseoir	pi2P	2	rasseyez-rassoyez
70853	rasseoir	pi3S	2	rassied-rassoit
70858	rasseoir	ps3S	2	rasseye-rassoie
70872	rassurer	ii3S	2	rassurait-rassurée
70883	rassurer	pi2P	2	rassures-rassurez
70935	rater	ii3P	2	rataient-raté
70936	rater	ii3S	2	ratait-raté
71096	rattraper	ii3P	2	rattrapaient-rattrapé
71097	rattraper	ii3S	2	rattrapait-rattrapé
71110	rattraper	pi2P	2	rattraper-rattrapez
71135	ravager	ii3P	2	ravageaient-ravagés
71262	ravitailler	pi2P	2	ravitailler-ravitaillez
71276	raviver	ii3P	2	ravivaient-ravivé
71304	rayer	ii3S	3	rayait-rayé-rayés
71308	rayer	pI2S	2	raie-raye
71309	rayer	pc1S	2	raierais-rayerais
71312	rayer	pc3S	2	raierait-rayerait
71314	rayer	pi1S	2	raie-raye
71315	rayer	pi2P	2	rayer-rayez
71316	rayer	pi2S	2	raies-rayes
71317	rayer	pi3P	2	raient-rayent
71318	rayer	pi3S	2	raie-raye
71341	rayonner	pi2P	2	rayonner-rayonnez
71488	rebondir	ii3S	2	rebondir-rebondissait
71904	rechercher	ii3S	2	recherchait-recherché
72074	recommander	pi2P	2	recommander-recommandez
72101	recommencer	pI2P	2	recommencer-recommencez
72111	recommencer	pi2P	2	recommencer-recommencez
72208	reconduire	pi2P	2	reconduire-reconduisez
72274	reconnaître	pi2P	2	reconnaissez-reconnaître
72499	recopier	ii3S	2	recopiait-recopié
72783	recruter	ii3P	2	recrutaient-recrutée
72795	recruter	pi2P	2	recruter-recrutez
72811	recréer	ii3P	2	recréaient-recréé
72812	recréer	ii3S	2	recréait-recréé
72909	reculer	pI2P	2	reculer-reculez
72918	reculer	pi2P	2	reculer-reculez
72938	recycler	ii3P	2	recyclaient-recyclée
73003	redescendre	ii3S	2	redescendait-redescendre
73215	redonner	ii3S	2	redonnait-redonné
73218	redonner	pI2P	2	redonner-redonnez
73227	redonner	pi2P	2	redonner-redonnez
73586	refiler	ii3P	2	refilaient-refilés
73692	reformater	pi2P	2	reformater-reformatez
73883	refuser	ii3P	2	refusaient-refusée
73897	refuser	pi1S	2	refuse-refusé
73935	regagner	pi2P	2	regagner-regagnez
73956	regarder	ii3P	2	regardaient-regardé
73957	regarder	ii3S	3	regardait-regardé-regardée
73970	regarder	pi1P	2	regardes-regardons
74053	regretter	pI2P	2	regretter-regrettez
74099	regrouper	ii3P	2	regroupaient-regroupé
74111	regrouper	pi2P	2	regrouper-regroupez
74160	rejeter	ii3S	2	rejetait-rejeté
74163	rejeter	pI2P	2	rejeter-rejetez
74173	rejeter	pi2P	2	rejeter-rejetez
74211	rejoindre	pi1P	2	rejoignons-rejoint
74250	rejouer	pi2P	2	rejouer-rejouez
74394	relayer	fi1S	2	relaierai-relayerai
74397	relayer	fi3P	2	relaieront-relayeront
74398	relayer	fi3S	2	relaiera-relayera
74408	relayer	pI2S	2	relaie-relaye
74411	relayer	pi1S	2	relaie-relaye
74413	relayer	pi2S	2	relaies-relayes
74414	relayer	pi3P	2	relaient-relayent
74415	relayer	pi3S	2	relaie-relaye
74434	relever	ii3S	2	relevait-relevé
74437	relever	pI2P	2	relever-relevez
74447	relever	pi2P	2	relever-relevez
74477	relier	pi2P	2	relier-reliez
74583	reluquer	pi2P	2	reluquer-reluquez
74614	relâcher	pi1P	2	relâches-relâchons
74756	remarquer	ii3P	2	remarquaient-remarqué
74757	remarquer	ii3S	3	remarquait-remarquer-remarqué
74761	remarquer	pI2S	2	remarque-remarqué
74770	remarquer	pi2P	2	remarquer-remarquez
74981	remettre	ii3S	2	remettait-remettre
74986	remettre	pI2P	2	remettez-remettre
74996	remettre	pi2P	2	remettez-remettre
75102	remonter	pI2P	2	remonter-remontez
75111	remonter	pi2P	2	remonter-remontez
75164	remorquer	pi2P	2	remorquer-remorquez
75310	remporter	ii3P	2	remportaient-remporté
75518	rencontrer	ii3P	4	rencontraient-rencontré-rencontrée-rencontrés
75519	rencontrer	ii3S	3	rencontrait-rencontré-rencontrée
75612	rendre	ps2P	2	rende-rendiez
75650	renflouer	ii3S	3	renflouait-renfloué-renflouées
75684	renforcer	ii3S	2	renforcé-renforçait
75695	renforcer	pi2P	2	renforcer-renforcez
75757	renier	ii3P	2	reniaient-renié
75758	renier	ii3S	2	reniait-renié
75770	renier	pi2P	2	renier-reniez
75786	renifler	ii3P	2	reniflaient-reniflé
75841	renoncer	ii3S	2	renoncé-renonçait
75942	renseigner	pi2P	2	renseigner-renseignez
76007	rentrer	ii3P	2	rentraient-rentré
76012	rentrer	pI2P	2	rentrer-rentrez
76022	rentrer	pi2P	2	rentrer-rentrez
76023	rentrer	pi2S	2	rentrais-rentres
76025	rentrer	pi3S	2	rentrait-rentre
76050	renverser	ii3P	2	renversaient-renversé
76051	renverser	ii3S	3	renversait-renverser-renversé
76055	renverser	pI2S	2	renverse-renversé
76063	renverser	pi2P	2	renverser-renversez
76089	renvoyer	ii3P	2	renvoyaient-renvoyé
76090	renvoyer	ii3S	3	renvoyait-renvoyé-renvoyés
76093	renvoyer	pI2P	2	renvoyer-renvoyez
76103	renvoyer	pi2P	2	renvoyer-renvoyez
76255	repasser	ii3P	2	repassaient-repassé
76256	repasser	ii3S	2	repassait-repassé
76259	repasser	pI2P	2	repasser-repassez
76280	repayer	fi1S	2	repaierai-repayerai
76287	repayer	pi1S	2	repaie-repaye
76289	repayer	pi2S	2	repaies-repayes
76377	repenser	ii3S	2	repensait-repensé
76577	replier	pi2P	2	replier-repliez
76763	repousser	pi2P	2	repousser-repoussez
76789	reprendre	inf	2	reprendre-reprenons
76802	reprendre	pi2P	2	reprendre-reprenez
76857	reprocher	pi2P	2	reprocher-reprochez
76909	reprogrammer	ii3S	2	reprogrammait-reprogrammé
76949	représenter	ii3S	2	représentait-représenter
76962	représenter	pi2P	2	représenter-représentez
76991	repérer	ii3P	3	repéraient-repéré-repérés
76992	repérer	ii3S	2	repérait-repéré
77131	respecter	ii3P	2	respectaient-respecté
77132	respecter	ii3S	2	respectait-respecté
77145	respecter	pi2P	2	respecter-respectez
77307	ressayer	fi2S	2	ressaieras-ressayeras
77309	ressayer	fi3S	2	ressaiera-ressayera
77313	ressayer	pI2S	2	ressaie-ressaye
77317	ressayer	pi3S	2	ressaie-ressaye
77333	ressembler	ii3S	3	ressemblait-ressembler-ressemblé
77347	ressembler	pi2P	2	ressembler-ressemblez
77348	ressembler	pi2S	2	ressemblent-ressembles
77382	ressentir	ii3S	2	ressentait-ressentir
77383	ressentir	inf	2	ressentez-ressentir
77554	ressusciter	ii3P	2	ressuscitaient-ressuscité
77621	rester	ii3P	3	restaient-resté-restée
77622	rester	ii3S	2	restait-resté
77623	rester	inf	2	restaient-rester
77687	restreindre	pi2P	2	restreignez-restreindre
77929	retirer	ii3P	4	retiraient-retiré-retirée-retirés
77930	retirer	ii3S	2	retirait-retiré
77986	retomber	pi2P	2	retomber-retombez
78037	retourner	ii3P	2	retournaient-retourné
78038	retourner	ii3S	2	retournait-retourné
78071	retracer	ii3P	2	retracé-retraçaient
78116	retrancher	pI2S	2	retranche-retranché
78270	retrouver	ii3P	3	retrouvaient-retrouvé-retrouvée
78271	retrouver	ii3S	3	retrouvait-retrouvé-retrouvée
78282	retrouver	pi1P	2	retrouves-retrouvons
78287	retrouver	pi3S	2	retrouve-retrouvé
78354	revendiquer	pI2S	2	revendique-revendiqué
78814	ridiculiser	pi2P	2	ridiculiser-ridiculisez
78900	rincer	pi2P	2	rincer-rincez
78939	riposter	ii3P	2	ripostaient-riposté
78940	riposter	ii3S	2	ripostait-riposté
78979	rire	pI2P	2	riez-rire
78989	rire	pi2P	2	riez-rire
78996	rire	ps2S	2	rie-ries
79011	risquer	ii3P	2	risquaient-risqué
79026	risquer	pi2P	2	risquer-risquez
79199	rompre	pi2P	2	rompez-rompre
79234	ronfler	ii3S	2	ronflait-ronflé
79485	rouler	ii3P	2	roulaient-roulé
79606	rudoyer	pi2P	2	rudoyer-rudoyez
79683	ruiner	ii3S	3	ruinait-ruiné-ruinés
79696	ruiner	pi2P	2	ruiner-ruinez
80006	réaliser	ii3P	2	réalisaient-réalisé
80007	réaliser	ii3S	3	réalisait-réaliser-réalisé
80020	réaliser	pi2P	3	réaliser-réalises-réalisez
80182	réarranger	pi2P	2	réarranger-réarrangez
80291	réchapper	ii3P	2	réchappaient-réchappé
80332	réchauffer	pi2P	2	réchauffer-réchauffez
80410	réclamer	ii3P	3	réclamaient-réclamé-réclamée
80424	réclamer	pi2P	2	réclamer-réclamez
80488	récompenser	ii3S	2	récompensait-récompensés
80522	réconcilier	ii3P	2	réconciliaient-réconciliés
80534	réconcilier	pi2P	2	réconcilier-réconciliez
80615	récupérer	ii3P	2	récupéraient-récupéré
80616	récupérer	ii3S	3	récupérait-récupéré-récupérées
80619	récupérer	pI2P	2	récupérer-récupérez
80629	récupérer	pi2P	2	récupérer-récupérez
80676	récuser	pi2P	2	récuser-récusez
80837	réentendre	pi2P	2	réentendez-réentendre
80848	réer	pi1S	2	rée-réé
80853	réessayer	fi1P	2	réessaierons-réessayerons
80854	réessayer	fi1S	2	réessaierai-réessayerai
80855	réessayer	fi2P	2	réessaierez-réessayerez
80856	réessayer	fi2S	2	réessaieras-réessayeras
80857	réessayer	fi3P	2	réessaieront-réessayeront
80858	réessayer	fi3S	2	réessaiera-réessayera
80867	réessayer	pI2S	2	réessaie-réessaye
80868	réessayer	pc1S	2	réessaierais-réessayerais
80869	réessayer	pc2S	2	réessaierais-réessayerais
80870	réessayer	pc3S	2	réessaierait-réessayerait
80872	réessayer	pi1S	2	réessaie-réessaye
80874	réessayer	pi2S	2	réessaies-réessayes
80875	réessayer	pi3P	2	réessaient-réessayent
80876	réessayer	pi3S	2	réessaie-réessaye
81105	référer	ii3P	2	référaient-référée
81219	régler	ii3P	2	réglaient-réglée
81605	réintégrer	pI2P	2	réintégrer-réintégrez
81893	réparer	ii3P	2	réparaient-réparé
81897	réparer	pI2P	2	réparer-réparez
81907	réparer	pi2P	2	réparer-réparez
81964	répertorier	ii3P	2	répertoriaient-répertorié
81992	répliquer	ii3S	2	répliquait-répliqué
82072	réprimander	pi2P	2	réprimander-réprimandez
82183	répéter	ii3S	2	répétait-répété
82243	réserver	ii3P	2	réservaient-réservé
82244	réserver	ii3S	2	réservait-réservé
82257	réserver	pi2P	2	réserver-réservez
82304	résigner	ii3S	2	résignait-résigné
82313	résigner	pi2P	2	résigner-résignez
82359	résister	ii3S	2	résistait-résisté
82372	résister	pi2P	2	résister-résistez
82439	résoudre	pi2P	2	résolvez-résoudre
82597	rétracter	pi2P	2	rétracter-rétractez
82803	réveiller	ii3S	2	réveillait-réveillé
82856	réviser	ii3P	2	révisaient-révisé
82969	révéler	ii3P	3	révélaient-révélé-révélés
82970	révéler	ii3S	2	révélait-révélé
83191	rêver	ii3S	2	rêvait-rêvé
83203	rêver	pi1S	2	rêve-rêvé
83204	rêver	pi2P	2	rêver-rêvez
83314	saboter	ii3S	2	sabotait-saboté
83449	sacrifier	pi2P	2	sacrifier-sacrifiez
83471	saigner	ii3P	2	saignaient-saigné
83472	saigner	ii3S	3	saignait-saigné-saignée
83484	saigner	pi2P	2	saigner-saignez
83487	saigner	pi3S	2	saigne-saigné
83813	saper	pi2P	2	saper-sapez
84007	sauter	ii3P	2	sautaient-sauté
84008	sauter	ii3S	3	sautait-sauter-sauté
84021	sauter	pi2P	2	sauter-sautez
84089	sauver	ii3P	4	sauvaient-sauvé-sauvée-sauvés
84090	sauver	ii3S	3	sauvait-sauvé-sauvés
84091	sauver	inf	2	sauver-sauvé
84102	sauver	pi1P	2	sauves-sauvons
84128	savoir	ai2S	2	sauras-sus
84130	savoir	ai3S	2	saura-sut
84139	savoir	ii2P	2	savais-saviez
84143	savoir	inf	2	savent-savoir
84149	savoir	pI1P	2	sachons-savons
84150	savoir	pI2P	2	sachez-savez
84151	savoir	pI2S	2	sache-sais
84210	savourer	pI2P	2	savourer-savourez
84269	scander	ii3P	2	scandaient-scandés
84292	scanner	ii3S	2	scannait-scanné
84341	sceller	pi2P	2	sceller-scellez
84422	scintiller	pi2P	2	scintiller-scintillez
84437	scolariser	ii3S	2	scolarisait-scolarisé
84577	secouer	ii3S	2	secouait-secoué
84591	secouer	pi3S	2	secoue-secoué
84708	sembler	ii3P	2	semblaient-semblé
84709	sembler	ii3S	2	semblait-semblé
84801	sentir	ii3S	2	sentait-sentir
84904	serrer	ii3P	2	serraient-serrée
84908	serrer	pI2P	2	serrer-serrez
84918	serrer	pi2P	2	serrer-serrez
85152	signaler	pi2P	2	signaler-signalez
85177	signer	ii3P	2	signaient-signé
85178	signer	ii3S	2	signait-signés
85211	signifier	inf	2	signifie-signifier
85379	siroter	ii3S	2	sirotait-siroté
85403	situer	ii3P	2	situaient-situés
85415	situer	pi2P	2	situer-situez
85619	soigner	ii3P	2	soignaient-soigné
85897	sonner	ii3S	2	sonnait-sonné
85910	sonner	pi2P	2	sonner-sonnez
85952	sortir	ii3S	2	sortait-sortir
85967	sortir	pi2S	2	sors-sort
86006	soucier	pi2P	2	soucier-souciez
86051	soudoyer	ii3S	2	soudoyait-soudoyé
86081	souffler	ii3P	2	soufflaient-soufflé
86093	souffler	pi2P	2	souffler-soufflez
86168	souhaiter	ii3P	2	souhaitaient-souhaité
86169	souhaiter	ii3S	2	souhaitait-souhaité
86173	souhaiter	pI2S	2	souhaite-souhaité
86180	souhaiter	pi1P	2	souhaites-souhaitons
86251	soulager	pi2P	2	soulager-soulagez
86306	souligner	ii3S	2	soulignait-souligné
86350	soumettre	pi2P	2	soumettez-soumettre
86439	soupçonner	ii3P	2	soupçonnaient-soupçonné
86487	sourdre	inf	4	sourd-sourdait-sourdent-sourdre
86507	sourire	ii3S	2	souriait-sourire
86523	sourire	pi2P	2	souriez-sourire
86529	sourire	ps2S	2	sourie-souries
86576	sous-estimer	ii3P	3	sous-estimaient-sous-estimé-sous-estimés
86577	sous-estimer	ii3S	3	sous-estimait-sous-estimé-sous-estimés
86578	sous-estimer	inf	2	sous-estimer-sousestimer
86588	sous-estimer	pi2P	2	sous-estimer-sous-estimez
86629	sous-payer	pi3S	2	sous-paie-sous-paye
86677	sous-évaluer	ii3S	2	sous-évaluait-sous-évalué
86726	soustraire	pi2P	2	soustraire-soustrayez
86785	soutirer	ii3S	2	soutirait-soutiré
86851	soûler	ii3S	2	soûlait-soûlé
86861	soûler	pi2P	2	soûler-soûlez
86964	spécifier	ii3P	2	spécifiaient-spécifié
86989	spéculer	ii3S	2	spéculait-spéculé
87056	stabiliser	pi2P	2	stabiliser-stabilisez
87221	stocker	ii3P	2	stockaient-stocké
87290	stresser	ii3S	2	stressait-stressé
87431	subir	ii3S	2	subir-subissait
87712	succéder	pi2P	2	succéder-succédez
87769	sucrer	pi2P	2	sucrer-sucrez
87884	suggérer	ii3P	2	suggéraient-suggéré
87931	suicider	pi2P	2	suicider-suicidez
88095	supplier	ii3S	3	suppliait-supplié-suppliés
88107	supplier	pi2P	2	supplier-suppliez
88143	supporter	pI2P	2	supporter-supportez
88153	supporter	pi2P	2	supporter-supportez
88178	supposer	ii3P	2	supposaient-supposée
88179	supposer	ii3S	3	supposait-supposé-supposée
88180	supposer	inf	2	suppose-supposer
88198	supposer	ppMS	2	suppose-supposé
88211	supprimer	ii3P	2	supprimaient-supprimé
88212	supprimer	ii3S	2	supprimait-supprimé
88225	supprimer	pi2P	2	supprimer-supprimez
88280	surcharger	pi2P	2	surcharger-surchargez
88388	surestimer	pi2P	2	surestimer-surestimez
88456	surfer	pI2P	2	surfer-surfez
88569	surmonter	ii3P	2	surmontaient-surmonté
88617	surnommer	ii3S	2	surnommait-surnommé
88675	surpayer	pi3S	2	surpaie-surpaye
88729	surprendre	pi2P	2	surprendre-surprenez
88895	survivre	pi2P	2	survivez-survivre
89006	suspecter	ii3P	2	suspectaient-suspecté
89010	suspecter	pI2P	2	suspecter-suspectez
89145	symboliser	ii3P	2	symbolisaient-symbolisé
89270	sécher	ii3S	2	séchait-séchés
89362	séduire	pi2P	2	séduire-séduisez
89399	séjourner	pi2P	2	séjourner-séjournez
89417	sélectionner	ii3S	2	sélectionnait-sélectionnés
89448	séparer	ii3P	3	séparaient-séparée-séparés
89449	séparer	ii3S	2	séparait-séparé
89545	tabasser	ii3S	2	tabassait-tabasser
89556	tabasser	pi2P	2	tabasser-tabassez
89687	tailler	ii3P	2	taillaient-taillé
89700	tailler	pi2P	2	tailler-taillez
89738	taire	pi2P	2	taire-taisez
89743	taire	ppMS	2	-tu-tu
89856	tanguer	pI2S	2	tangue-tangué
89871	tanner	ii3P	2	tannaient-tanné
89874	tanner	pI2P	2	tanner-tannez
89896	taper	ii3P	2	tapaient-tapé
89897	taper	ii3S	2	tapait-tapé
89900	taper	pI2P	2	taper-tapez
89909	taper	pi2P	2	taper-tapez
90007	taquiner	pI2P	2	taquiner-taquinez
90015	taquiner	pi2P	2	taquiner-taquinez
90173	tatouer	ii3S	3	tatouait-tatouer-tatoués
90425	tenter	ii3P	2	tentaient-tenté
90426	tenter	ii3S	2	tentait-tenté
90440	tenter	pi2P	2	tenter-tentez
90464	tergiverser	pi2P	2	tergiverser-tergiversez
90483	terminer	ii3P	2	terminaient-terminé
90487	terminer	pI2P	2	terminer-terminez
90597	terrifier	pi2P	2	terrifier-terrifiez
90661	tester	pi2P	2	tester-testez
90784	tirer	ii3P	2	tiraient-tiré
90785	tirer	ii3S	2	tirait-tiré
91000	tolérer	pi2P	2	tolérer-tolérez
91023	tomber	ii3P	3	tombaient-tombé-tombée
91024	tomber	ii3S	3	tombait-tombé-tombées
91028	tomber	pI2P	2	tomber-tombez
91029	tomber	pI2S	2	tombe-tombé
91038	tomber	pi2P	2	tomber-tombez
91282	tortiller	pi2P	2	tortiller-tortillez
91304	torturer	ii3S	2	torturait-torturée
91365	toucher	ii3P	2	touchaient-touché
91366	toucher	ii3S	2	touchait-touché
91445	tourmenter	ii3P	2	tourmentaient-tourmenté
91456	tourmenter	pi2P	2	tourmenter-tourmentez
91486	tourner	ii3P	2	tournaient-tourné
91487	tourner	ii3S	2	tournait-tourné
91491	tourner	pI2P	2	tourner-tournez
91501	tourner	pi2P	2	tourner-tournez
91589	tracasser	pi2P	2	tracasser-tracassez
91621	tracer	pi2P	2	tracer-tracez
91641	tracter	pi1P	2	tractes-tractons
91778	traire	pi2P	2	traire-trayez
91799	traiter	ii3P	3	traitaient-traité-traitées
91800	traiter	ii3S	3	traitait-traité-traitée
91804	traiter	pI2S	2	traite-traité
91870	trancher	pi2P	2	trancher-tranchez
91977	transformer	ii3P	3	transformaient-transformé-transformée
91978	transformer	ii3S	2	transformait-transformé
91981	transformer	pI2P	2	transformer-transformez
91990	transformer	pi2P	2	transformer-transformez
92032	transférer	ii3P	2	transféraient-transféré
92033	transférer	ii3S	3	transférait-transférer-transféré
92044	transférer	pi2P	2	transférer-transférez
92155	transmettre	pi2P	2	transmettez-transmettre
92239	transpirer	pi2P	2	transpirer-transpirez
92275	transporter	ii3P	2	transportaient-transporté
92276	transporter	ii3S	2	transportait-transporté
92339	traquer	ii3P	3	traquaient-traqué-traqués
92340	traquer	ii3S	2	traquait-traqué
92354	traquer	pi2P	2	traquer-traquez
92374	traumatiser	pi2P	2	traumatiser-traumatisez
92395	travailler	ii3P	2	travaillaient-travaillé
92396	travailler	ii3S	2	travaillait-travaillé
92434	traverser	ii3P	2	traversaient-traversé
92435	traverser	ii3S	2	traversait-traversé
92447	traverser	pi1S	2	traverse-traversé
92448	traverser	pi2P	2	traverser-traversez
92509	traîner	ii3P	2	traînaient-traîné
92510	traîner	ii3S	2	traînait-traîné
92559	trembler	pi2P	2	trembler-tremblez
92597	tremper	pi2P	2	tremper-trempez
92650	tresser	pI2S	2	tresse-tressé
92690	tricher	ii3P	2	trichaient-triché
92691	tricher	ii3S	2	trichait-triché
92703	tricher	pi2P	2	tricher-trichez
92748	trier	ii3S	3	triait-triées-triés
93033	tromper	ii3P	3	trompaient-trompé-trompés
93034	tromper	ii3S	3	trompait-trompé-trompée
93046	tromper	pi1S	2	trompe-trompé
93161	troubler	ii3P	2	troublaient-troublé
93237	trouver	ii3P	5	trouvaient-trouvé-trouvée-trouvées-trouvés
93238	trouver	ii3S	3	trouvait-trouvé-trouvés
93251	trouver	pi1P	2	trouves-trouvons
93252	trouver	pi1S	2	trouve-trouvé
93328	truquer	ii3S	2	truquait-truqué
93364	trébucher	ii3S	2	trébuchait-trébuché
93482	tuer	ii3P	3	tuaient-tué-tuée
93483	tuer	ii3S	3	tuait-tué-tuée
93496	tuer	pi1S	2	tue-tué
93766	télégraphier	ii3S	2	télégraphiait-télégraphié
93814	téléphoner	pi2P	2	téléphoner-téléphonez
94070	usurper	ii3S	2	usurpait-usurper
94096	utiliser	ii3P	3	utilisaient-utilisé-utilisés
94097	utiliser	ii3S	3	utilisait-utilisé-utilisées
94101	utiliser	pI2S	2	utilise-utilisé
94193	vagabonder	pi2P	2	vagabonder-vagabondez
94224	vaincre	pI2P	2	vaincre-vainquez
94439	vanter	pi2P	2	vanter-vantez
94457	vaporiser	ii3S	2	vaporisait-vaporisé
94550	vautrer	pi2P	2	vautrer-vautrez
94671	venger	pI2P	2	venger-vengez
94681	venger	pi2P	2	venger-vengez
94705	venir	ii3S	2	venait-venir
94706	venir	inf	2	venir-viens
94722	venir	pi1S	2	viennent-viens
94785	verbaliser	pi2P	2	verbaliser-verbalisez
94833	verrouiller	ii3P	3	verrouillaient-verrouillé-verrouillée
94837	verrouiller	pI2P	2	verrouiller-verrouillez
94941	vibrer	pI2P	2	vibrer-vibrez
94946	vibrer	pi2P	2	vibrer-vibrez
94998	vider	ii3P	2	vidaient-vidé
95002	vider	pI2P	2	vider-videz
95011	vider	pi2P	2	vider-videz
95124	violer	ii3P	3	violaient-violé-violée
95125	violer	ii3S	2	violait-violé
95163	virer	ii3P	2	viraient-viré
95164	virer	ii3S	2	virait-viré
95167	virer	pI2P	2	virer-virez
95176	virer	pi2P	2	virer-virez
95290	visiter	ii3P	2	visitaient-visité
95291	visiter	ii3S	2	visitait-visité
95315	visser	ii3S	2	vissait-vissé
95319	visser	pi2P	2	visser-vissez
95409	vivre	ii3S	2	vivait-vivre
95412	vivre	pI2P	2	vivez-vivre
95471	voguer	pi2P	2	voguer-voguez
95486	voiler	ii3P	2	voilaient-voilé
95487	voiler	ii3S	2	voilait-voilé
95495	voiler	pi2P	2	voiler-voilez
95522	voir	inf	2	voir-voyez
95536	voir	pi1S	2	vois-vus
95538	voir	pi2S	2	vois-vus
95599	voler	ii3P	2	volaient-volé
95600	voler	ii3S	3	volait-voler-volé
95603	voler	pI2P	2	voler-volez
95613	voler	pi2P	2	voler-volez
95700	voter	ii3S	2	votait-voté
95768	vouloir	ii1S	2	soulais-voulais
95769	vouloir	ii2P	2	voulais-vouliez
95773	vouloir	inf	2	voulez-vouloir
95778	vouloir	pI2P	2	veuillez-voulez
95782	vouloir	pc2P	2	voudrais-voudriez
95788	vouloir	pi2P	2	veux-voulez
95832	voyager	ii3P	2	voyageaient-voyagé
95833	voyager	ii3S	2	voyageait-voyagé
95846	voyager	pi2P	2	voyager-voyagez
95959	vénérer	pi2P	2	vénérer-vénérez
95981	vérifier	ii3P	2	vérifiaient-vérifié
95982	vérifier	ii3S	3	vérifiait-vérifié-vérifiés
95985	vérifier	pI2P	2	vérifier-vérifiez
95995	vérifier	pi2P	2	vérifier-vérifiez
95998	vérifier	pi3S	2	vérifie-vérifié
96209	zézayer	pi2S	2	zézaies-zézayes
96210	zézayer	pi3S	2	zézaie-zézaye
96529	échanger	ii3P	2	échangeaient-échangé
96530	échanger	ii3S	2	échangeait-échangé
96576	échapper	ii3P	3	échappaient-échappé-échappés
96590	échapper	pi2P	2	échapper-échappez
96639	échauffer	pi2P	2	échauffer-échauffez
96711	échouer	ii3P	2	échouaient-échoué
96712	échouer	ii3S	3	échouait-échouer-échoué
96837	éclater	ii3P	2	éclataient-éclaté
96838	éclater	ii3S	2	éclatait-éclaté
96883	éclipser	pi2P	2	éclipser-éclipsez
96965	économiser	ii3S	2	économisait-économisé
97037	écorcher	pi2P	2	écorcher-écorchez
97121	écouter	ii3P	2	écoutaient-écouté
97122	écouter	ii3S	2	écoutait-écouté
97126	écouter	pI2S	2	scoute-écoute
97133	écouter	pi1P	2	écoutes-écoutons
97187	écraser	ii3P	3	écrasaient-écrasé-écrasée
97191	écraser	pI2P	2	écraser-écrasez
97201	écraser	pi2P	2	écraser-écrasez
97230	écrier	pi1S	2	écrie-écrié
97267	écrire	pi2P	2	écrire-écrivez
97309	écrouler	pi2P	2	écrouler-écroulez
97321	écrémer	ii3S	2	écrémait-écrémé
97393	édifier	pI2P	2	édifier-édifiez
97396	édifier	pi2P	2	édifier-édifiez
97495	égaler	pi2P	2	égaler-égalez
97498	égaler	pi3S	2	=-égale
97519	égaliser	pi2P	2	égaliser-égalisez
97538	égarer	ii3S	2	égarait-égaré
97560	égayer	fi3P	2	égaieront-égayeront
97561	égayer	fi3S	2	égaiera-égayera
97568	égayer	pI2S	2	égaie-égaye
97571	égayer	pc2S	2	égaierais-égayerais
97572	égayer	pc3P	2	égaieraient-égayeraient
97573	égayer	pc3S	2	égaierait-égayerait
97578	égayer	pi3P	2	égaient-égayent
97579	égayer	pi3S	2	égaie-égaye
97592	égorger	ii3P	2	égorgeaient-égorgée
97714	éjecter	pi2P	2	éjecter-éjectez
97869	électrocuter	pi2P	2	électrocuter-électrocutez
97893	élever	ii3P	3	élevaient-élevé-élevés
97894	élever	ii3S	3	élevait-élevé-élevée
97937	éliminer	ii3P	2	éliminaient-éliminé
97938	éliminer	ii3S	2	éliminait-éliminé
97951	éliminer	pi2P	2	éliminer-éliminez
98000	éloigner	ii3P	2	éloignaient-éloigné
98002	éloigner	inf	2	éloigne-éloigner
98156	émerger	ii3S	2	émergeait-émergé
98344	émuler	ii3P	2	émulaient-émulés
98376	énerver	ii3P	2	énervaient-énervé
98377	énerver	ii3S	3	énervait-énervé-énervée
98389	énerver	pi2P	2	énerver-énervez
98534	épargner	ii3S	2	épargnait-épargné
98538	épargner	pI2S	2	épargne-épargné
98545	épargner	pi1P	2	épargnes-épargnons
98619	épauler	pI2P	2	épauler-épaulez
98654	épeler	pi2P	2	épeler-épelez
98713	épier	pI2P	2	épier-épiez
98883	épouser	ii3P	2	épousaient-épousé
98884	épouser	ii3S	2	épousait-épousé
98996	éprouver	ii3P	2	éprouvaient-éprouvé
99032	épuiser	ii3P	2	épuisaient-épuisé
99033	épuiser	ii3S	2	épuisait-épuisé
99044	épuiser	pi2P	2	épuiser-épuisez
99372	étayer	fi3P	2	étaieront-étayeront
99382	étayer	pi1S	2	étaie-étaye
99385	étayer	pi3S	2	étaie-étaye
99578	étirer	pI2P	2	étirer-étirez
99646	étonner	pi2P	2	étonner-étonnez
99669	étouffer	ii3P	2	étouffaient-étouffé
99670	étouffer	ii3S	2	étouffait-étouffé
99851	étudier	ii3P	2	étudiaient-étudié
99852	étudier	ii3S	2	étudiait-étudié
99865	étudier	pi2P	2	étudier-étudiez
99898	évacuer	ii3S	2	évacuait-évacués
99945	évader	pi2P	2	évader-évadez
99967	évaluer	ii3S	2	évaluait-évalué
99970	évaluer	pI2P	2	évaluer-évaluez
99979	évaluer	pi2P	2	évaluer-évaluez
100088	éveiller	pi2P	2	éveiller-éveillez
100129	éventrer	pi2P	2	éventrer-éventrez
100196	éviscérer	ii3S	2	éviscérait-éviscéré
100337	être	pI1P	2	sommes-soyons
100338	être	pI2P	3	soyez-êtes-être
100339	être	pI2S	2	sois-suis
100340	être	pc1P	2	serais-serions
100342	être	pc2P	2	serais-seriez
100348	être	pi2P	3	sommes-êtes-être
100349	être	pi2S	2	es-suis
100356	être	ps2S	2	sois-sommes
100357	être	ps3P	2	soient-étaient
